imgAlt,imgName,isMeme
#Ad Saucy Nuggs so good youâ€™ll want them all for yourself! ğŸ”¥ğŸ”¥ğŸ”¥ğŸ¤£ğŸˆ @wendys 7 New Flavors that you donâ€™t want to miss!! Which oneâ€™s your favorite?,wendys_0,-1
Canâ€™t believe this is real (still) life. The Saucy Nugg legacy is forever cemented in oil on canvas (2024). Thank you,wendys_1,1
I love the arts @noahverrier,wendys_2,-1
It always works!,wendys_3,1
Alpha moves only,wendys_4,1
can feel my heart rate decreasing,wendys_5,1
Iâ€™m just a girl,wendys_6,1
friends send friends frosty stickers on WhatsApp. we donâ€™t make the rules.,wendys_7,1
Whats yours,wendys_8,-1
Text me when you wanna get @wendys ,wendys_9,-1
"The Lonely Ghost Way

Lonely Ghost x @wendys drops 07.31.24, 9AM MST

Limited time only at participating U.S. Wendyâ€™sÂ® from 07.31.24-08.07.24.  Includes 10 PC Spicy Ghost Pepper Nuggs with Ghost Pepper Ranch Dipping Sauce, Medium Fry and Medium Soft Drink.  The Wendyâ€™s name, design and logo are registered trademarks of Quality Is Our Recipe, LLC.",wendys_10,-1
ğŸ‘»ğŸ”¥ğŸ«¢,wendys_11,1
thatâ€™s where the protein is,wendys_12,1
literally never washing this again,wendys_13,1
whatchall want?,wendys_14,1
"when u wanna win, u go messy ğŸ˜¤",wendys_15,0
@svg97 you asked for some sauce for your race in Chicago. This work?,wendys_16,1
kinda wanna see it chill on a bench.,wendys_17,1
literal chills,wendys_18,1
Beef is out now!!,wendys_19,1
The more you know.,wendys_20,1
time for a short 48 hour nap,wendys_21,1
did someone say SAUCY Nuggs in the app?!,wendys_22,1
something saucy is coming,wendys_23,1
Meeting with our fashion designer as we speak,wendys_24,1
Please sign the petition to make â€œin glish moo fernâ€ official,wendys_25,1
being out of breath is a good thing right?,wendys_26,1
seriously how did people live back then?,wendys_27,1
2. Try cognitive therapy,wendys_28,1
Chili and the Cinnabon Pull-Apart get a certified â€œBen said it smackedâ€ status.,wendys_29,1
@jason.kelce,wendys_30,1
am I going to jail?,wendys_31,1
ru from the midwest or ru clueless ?,wendys_32,-1
itâ€™s the vegas thing but better,wendys_33,-1
No human person could ever come up with this except maybe one really talented person @nbapaints,wendys_34,1
chivalry is dead,wendys_35,1
had it made from the start,wendys_36,1
Tag this person,wendys_37,1
try it ğŸ˜‰,wendys_38,-1
still counts,wendys_39,1
ğŸ“¸ğŸ¤¨ğŸ«µ,wendys_40,1
Vanilla Frosty is back for a bit. Stans say your piece.,wendys_41,1
Valentineâ€™s Day is meant to be celebrated with the one you love most. And no love is as pure as the love between a,wendys_42,1
Get a Frosty Key Tag. Get free Frostyâ€™s all year. BE ENLIGHTENED.,wendys_43,1
tag ur aunties,wendys_44,1
My hands so her hands look like can look like this this,wendys_45,1
All hail the return of vanilla frosty.,wendys_46,1
I can feel the sun on my face ğŸ¥º,wendys_47,1
canâ€™t wait til my fries hear this news too,wendys_48,1
Teaching my nuggets how to survive in the real world,wendys_49,1
â„ï¸ğŸ¥¶,wendys_50,1
new years resolution,wendys_51,1
Iâ€™m a jolly happy soul that the children know. Who am I?,wendys_52,1
itâ€™s chili time,wendys_53,-1
I mean they have TISSUES. Jeez come on,wendys_54,1
My paycheck goes straight to the add to cart savings,wendys_55,1
Coming for our job tbh @southernboyzoutdoors1,wendys_56,-1
âœ‹ğŸ›‘ğŸš«â—â—â— NO SESAME SEEDSâ—â—â—ğŸš«ğŸ›‘âœ‹,wendys_57,1
"Put it in the cupholder where i can see it, Emma.",wendys_58,1
Muah,wendys_59,1
"I have become no soda, destroyer of worlds",wendys_60,1
Microdosing alchemy at 2pm on a Tuesday.,wendys_61,1
ğŸƒâ€â™‚ï¸ğŸšªğŸ’¨,wendys_62,1
"getting engraved wine glasses with all of these
#bravo #bravocon #bravocon2023 @bravotv",wendys_63,-1
"@bravoandy we need Real Housewives of Columbus
#bravo #bravocon #bravocon2023 @bravotv",wendys_64,-1
Love to see all my queens in one palace ğŸ¥¹ @lisabarlow14 #bravocon,wendys_65,1
Itâ€™s cool tho i got podcasts,wendys_66,1
I call the hot one,wendys_67,1
I need to go back.,wendys_68,1
I do not envy those who seek a quick answer to this quest.,wendys_69,1
I cannot forget again.,wendys_70,1
Solved it.,wendys_71,1
ğŸŒ€ğŸŒ€ğŸŒ€And you also want pay for ittttttttğŸŒ€ğŸŒ€ğŸŒ€,wendys_72,1
One berg please. Thank.,wendys_73,1
Fine. Iâ€™ll go get it.,wendys_74,1
Please seek a life!,wendys_75,1
And I want it delivered.,wendys_76,1
Pretty sure we all learned this is AP Euro. @carterrthompson,wendys_77,-1
âœ¨ğŸ”¥ğŸ€ğŸ’…ğŸ’ğŸ’•,wendys_78,1
ğŸ¤ŒğŸ¤ŒğŸ¤Œ,wendys_79,1
I am at peace ğŸ˜Œ,wendys_80,1
idk she has high standards,wendys_81,1
changing name to Eiffry Tower thank you,wendys_82,1
I AM ğŸ‘ï¸AWAKE ğŸ‘ï¸,wendys_83,1
They donâ€™t prepare you for the pressure of choosing between a small or a medium fry.,wendys_84,1
He jiggles like crazy.,wendys_85,1
to take the edge off.,wendys_86,1
pls ğŸ¥¹,wendys_87,1
"Tag yourself, Iâ€™m doordash order.",wendys_88,1
BFAST HITS DIFF ğŸ¥“,wendys_89,-1
I am their small fry and a chocolate frosty queen.,wendys_90,1
Theyâ€™re very spicy to ME,wendys_91,1
Dump him ğŸ’…,wendys_92,1
Think hard.,wendys_93,1
Dangot.,wendys_94,1
she left me on thread,wendys_95,1
A prized collection.,wendys_96,1
And how much do you think heâ€™d sell it for?,wendys_97,1
srs messages only,wendys_98,1
Donâ€™t try to fight your destiny.,wendys_99,1
ğŸ«¶ğŸ«¶ğŸ«¶,wendys_100,1
Your butter board could never,wendys_101,-1
We are innovators. What should we print nextâ€¦,wendys_102,-1
basically nailed it,wendys_103,1
NO ONE CAN BEAT THIS GAME jk itâ€™s not even real lol,wendys_104,1
Which one are YOU?,wendys_105,1
Whatâ€™s your fav Dave?,wendys_106,1
"Thereâ€™s only one thing better than a shirt, and thatâ€™s a shirt with writing on it",wendys_107,1
We are so back,wendys_108,0
#wendys #flowers #potatoes #seasoned #overwatch #asmr #viraltiktok #trend #wendysvideo #breakfast #breakfastfortniteflowers,wendys_109,-1
alpha behavior,wendys_110,1
ğŸ’›,wendys_111,-1
Itâ€™s a sign,wendys_112,1
You know who you are.,wendys_113,1
And heâ€™s single ğŸ¤¤,wendys_114,1
Why they always gotta post peopleâ€™s business,wendys_115,1
"When in doubt, a frostyâ€™ll fix it.",wendys_116,1
And weâ€™re back #NationalRoastDay,wendys_117,-1
"Iâ€™m a burger girl, in a burger world",wendys_118,1
Itâ€™s good to eat food. Here are some reasons!,wendys_119,1
"Duke it out in the comments. Kiki or Bouba, itâ€™s still only 3 bucks. #3BreakfastDeal",wendys_120,1
stay mad ğŸ€ğŸ˜¤ğŸ§Š,wendys_121,1
ğŸ”?,wendys_122,1
Everyoneâ€™s favorite dinner is always a large fry in the car.,wendys_123,1
ğŸ”The Official Hamburger of the Basketball ğŸ´â€â˜ ï¸,wendys_124,1
what is she whispering tho?,wendys_125,1
CAN'T BELIEVE THIS IS THE VIEW FROM THE PITTSBURGH WENDYâ€™SğŸ”¥ğŸ˜ğŸ”¥,wendys_126,-1
smellin beefy,wendys_127,1
Boat?,wendys_128,-1
You wouldnâ€™t download a nugget,wendys_129,1
Thereâ€™s actually four different something sweet oâ€™clocks per day.,wendys_130,1
Hope everyone is uncomfortable with the energy weâ€™ve created in the studio today ğŸ˜Œ,wendys_131,-1
and mentally Iâ€™m just vibin in the back booth,wendys_132,1
For the 1 you luhv,wendys_133,-1
no pressure or anything,wendys_134,1
"Stay strong out there, or donâ€™t, I wouldnâ€™t.",wendys_135,1
your circle should be talking about squares,wendys_136,1
You canâ€™t achieve strawberry lemonade until you first get strawberry lemonade followed by strawberry lemonade.,wendys_137,1
But youâ€™ll probably just call her Ashley,wendys_139,1
ğŸ¥šğŸ³,wendys_140,1
"If you need me, Iâ€™ll be in the Wendyâ€™s drive-thru",wendys_141,1
Only a genius can solve this: ğŸŸâŸŒğŸ”á’¾,wendys_142,1
NORMALIZE LEMONADE AS AN EVERY MONTH BEVERAGE,wendys_143,1
PLZ,wendys_144,0
Which Wendyâ€™s affirmation are you today?,wendys_145,1
AND a strawberry lemonade,wendys_146,1
like where are the fake mustaches too,wendys_147,1
She's a Peppermint Frosty and she's beautiful.,wendys_148,1
"And unlike a baby, you can give it as a gift.",wendys_149,1
NEW MITTENS JUST DROPPED. Here are some product features #peppermintfrosty,wendys_150,-1
the traffic was actually really delicious,wendys_151,1
O-h,wendys_152,1
What does the second one mean?,wendys_153,1
Class roll call is about to get reallll confusing,wendys_154,1
winner gets free fries,wendys_155,-1
"we canâ€™t prove it, but we just KNOW it would be better",wendys_156,1
"Godzilla left the movies and jumped dimensions just to hang in the Wendyverse? Makes sense tbh.

@Godzilla_Toho
@metahorizon",wendys_157,1
and the standardized testing was a Biggie Bag,wendys_158,1
Direct eye contact the whole time,wendys_159,1
Whoâ€™s gonna be the first one to check the walk-in?,wendys_160,1
see above: Saturn Devours His Son c.â€‰1819â€“1823 mixed media mural transferred to canvas,wendys_161,1
we are and always will be god tier.,wendys_162,1
You need a lil treat after all that shopping.,wendys_163,1
when you spend so much time looking at the online Wendyâ€™s menu it adds another whole hour of time to the day.,wendys_164,1
She thought her mic was off. Leave her alone. #bravocon,wendys_165,-1
and the red hair HAS to be in pigtails,wendys_166,1
tag urself Iâ€™m soup-core,wendys_167,1
if not then literally whatâ€™s the point,wendys_168,1
*Dolphin noises*,wendys_169,1
He was just excited.,wendys_170,1
You shouldnâ€™t have said anything â€¦,wendys_171,1
Do NOT swipe unless youâ€™re mentally prepared for the hot and crispy!,wendys_172,1
Sheâ€™s still his favorite mom.,wendys_173,1
WHY IS NO ONE INVESTIGATING THIS ?! INTERNET DO YOUR THING,wendys_174,1
"Honestly when youâ€™re a Frosty, you can make any relationship work.",wendys_175,1
tbh think you guys love our lemonade more than we do,wendys_176,1
"Which slide do you relate to? For reference, weâ€™re every single one all of the time",wendys_177,1
retweet if you wish this was you rn,wendys_178,1
"donâ€™t forget your drink king, hope you had a good day. Bye, Pop.",wendys_179,-1
immediate no,wendys_180,1
Nugg racing > marble racing. Cause marbles arenâ€™t delicious. (Not that weâ€™ve done the research.),wendys_181,1
What are the soundtrack titles for the Baconator album?,wendys_182,1
"True heroes donâ€™t wear capes, but they do disguise themselves as altruistic.",wendys_183,1
Wendy is a soft serve salty sweet that smacks.,wendys_184,1
What can we say? Weâ€™re a walking metaphoric ğŸ”¥ hazard.,wendys_185,1
â˜€ï¸ğŸ“ğŸ¥—Â Summer Strawberry Salad is back! Donâ€™t miss out on the Summer Salad Fest with fresh-made ingredients and fresh summer strawberries!,wendys_186,-1
AND your mom,wendys_187,1
I was really feelinâ€™ myself in this photo. ğŸ’…ğŸ’…ğŸ’…,wendys_189,1
The dudes have to know,wendys_190,1
"5 bucks then, 5 bucks now. They grow up so fastâ€¦ *wipes tear with French Fry*",wendys_191,-1
What blind items got leaked about FrostyğŸ˜²?,wendys_192,1
"Who needs another long-winded unpronounceable drink order when you could get a sandwich, nuggs, fries and drink for just",wendys_193,1
Doing some light case analysis this morning.,wendys_194,1
A highly request tutorial from you guys #charcuter #hack,wendys_195,-1
A peek into the abyss.,wendys_196,1
"or as the experts call it, â€œan exchange of money for goodsâ€",wendys_197,1
What are you guys watching right now? Comment below ğŸ‘‡,wendys_198,1
"â¤ï¸ for long fry, comment for wide fry. There are no wrong answers. Yet. #wendys #food",wendys_199,-1
ğŸŒ,wendys_200,-1
We heard she can absolutely champion one.,wendys_201,1
Ahhâ€¦the 444. What can we say? Itâ€™s a masterpiece. #444 #wemdys #art #food #foodart,wendys_202,-1
"Thatâ€™s so true. We donâ€™t want to hear any excuses, weâ€™re TIRED of hearing excuses.",wendys_203,1
A guaranteed bet is that when we get together with @RickandMorty in Vegas itâ€™s gonna get wild. (Safe and boring),wendys_204,-1
How are YOU?,wendys_205,-1
"The only life hack you should care about, tbh.",wendys_206,1
Has this ever happened to u,wendys_207,-1
Write me a love poem in the comments.,wendys_208,1
"Study up, kids.",wendys_209,1
My mom says if I have another potato Iâ€™ll turn into one.,wendys_210,1
How do you Frosty?,wendys_211,1
Your stateâ€™s top free drink. Did we get it right?,wendys_212,-1
Turned up the heat for #NationalRoastDay,wendys_213,-1
The burger is tiny but the CUTE FACTOR can comfortably fit a family of four.,wendys_214,-1
Only PEOPLE WHO  HAVE EATEN FRENCH FRIES WILL UNDERSTAND  THIS,wendys_215,0
Merry Beefmas and a Nuggy New Year,wendys_216,-1
just here to start arguments tbh,wendys_217,1
"A six-slide-long fr-inger trap, baby. ",wendys_218,1
Hint itâ€™s NOT the carton of nuggets or the background.,wendys_219,1
Leftovers: From Wack to Wendyâ€™s,wendys_220,-1
Drop some gratitude in the thank bank below ğŸ¦â†“,wendys_221,-1
Tag your friends Iâ€™m Jalapeno Poppi.,wendys_222,1
âœ’ï¸ğ“’ğ“ªğ“· ğ”‚ğ“¸ğ“¾ ğ”€ğ“»ğ“²ğ“½ğ“® ğ“¯ğ“ªğ“·ğ“¬ğ”‚?,wendys_223,1
"Halloween comes and goes, spicy nuggs 4 eva!",wendys_225,1
Homework,wendys_226,1
Humor is our passion,wendys_227,1
We all have that one BFF...,wendys_228,-1
Real talk,wendys_229,0
Morning be like,wendys_230,1
"Donâ€™t count the boomers out, bruh.",wendys_231,1
Guess a ghost ate your fries. Â¯\_(ãƒ„)_/Â¯,wendys_232,1
itâ€™s bogo $1 big brain bean bag chair time,wendys_233,1
Do try this at home (we mean the Frosty),wendys_234,1
I mean ghosts can be cool but Ghost Pepper is fire.,wendys_235,1
Who says you have to choose? Get the Spispy Nuggs. *not a real product yet*,wendys_236,-1
We love you too but weâ€™re a restaurant.,wendys_237,1
Will brake for chicken.,wendys_238,1
"The couple that feasts on Wendyâ€™s together, stays together.",wendys_239,1
"What sorcery is this? Itâ€™s just the BOGO $1 deal, yâ€™all.",wendys_240,1
We be spittinâ€™ facts today.,wendys_241,1
Chewing a Baconator? So not cheugy.,wendys_242,1
Drop your Wendyâ€™s name in the comments. ğŸŸ,wendys_243,0
Not gonna say itâ€™s the GOAT butâ€¦,wendys_244,1
"Next time youâ€™re having a low-key breakdown, remember that Breakfast Baconator exists.",wendys_245,1
Talk about a side piece...,wendys_246,1
We looked this up on dreaminterpretations.com. It means you should order chicken nuggets.,wendys_247,0
"Straight-up facts, son.",wendys_248,1
"Fresh, never frozen beef is in a relationship with fresh, never frozen beef.",wendys_249,-1
"Sure, your friendâ€™s baby is cute, but is it covered in Applewood smoked bacon?",wendys_250,1
What do you use your Wendyâ€™s cups for?,wendys_251,1
Are we the center of our own burgerverse or are we just a floating collection of fantastic ingredients in space. Comment,wendys_252,1
Who raised you,wendys_253,1
"Every time I serve this Baconator at home, it is a hit!Â Â The kids, Dale, everyone goes crazy for it! I canâ€™t keep it on",wendys_254,-1
FINALLY an easy meal plan!,wendys_255,-1
Beauty is in the eye of the BaconHolder.,wendys_256,1
This is just for you. You are special. You are a Baconator.,wendys_257,1
Keep your friends close and your friends with unusually long arms away from your Frosty.,wendys_258,1
DO NOT MESS WITH US,wendys_259,1
Would a Baconator eat a Baconator if a Baconator could?,wendys_260,1
You are here.,wendys_261,1
Tell us your name and weâ€™ll let you know your official name abbreviation.,wendys_262,1
This is your chance to win!,wendys_263,-1
Really makes you think. #BrandedContent #Relatable #Amiright #2020,wendys_264,1
"Frosty the Frosty, oh how the children love thee!",wendys_265,-1
The secret ingredient was in your heart all along!,wendys_266,-1
What if we kissed in the Wendyâ€™s drive thru? jkâ€¦. unless ? ğŸ‘‰ğŸ‘ˆ ğŸ‘€,wendys_267,1
the only squares allowed at Wendyâ€™s are patties,wendys_268,1
Interior design is my passion,wendys_269,1
*playing catch in the backyard on a crisp fall day*,wendys_270,-1
what you thinkinâ€™ bout?,wendys_271,1
ğŸ¤¯,wendys_272,1
@webmd,wendys_273,1
find all the hidden grub...IF YOU DARE â˜ ï¸,wendys_274,1
check out our Jack-o-Wenderâ€™s!,wendys_275,-1
ğŸ¥,wendys_276,-1
"itâ€™s chili season, bby ğŸ‘",wendys_277,1
beat it football head,wendys_278,-1
nature so beauty ğŸ‚,wendys_279,1
ditch the zero and get with a hero.,wendys_280,-1
àª¡Ïêª®êª®ğ•œêª— á¥‡êª®êª—àª¡ ğ•¥êª–ğ•œê«€ êª€êª®ğ•¥ê«€ ğŸ‘»,wendys_281,1
mentally iâ€™m in a drive thru ordering nuggs and screaming the lyrics to track number 2 ğŸ¤ª,wendys_282,1
we call it the spicy spicy very nicy,wendys_283,-1
call it a glow up,wendys_284,-1
"glamour, grace and perfect taste ğŸ’…",wendys_285,-1
the most important decision of your lyfe lowkey,wendys_286,1
ğ–šğ–“ğ–‘ğ–”ğ–ˆğ– ğ–™ğ–ğ–Š ğ–•ğ–”ğ–˜ğ–˜ğ–ğ–‡ğ–ğ–‘ğ–ğ–™ğ–ğ–Šğ–˜,wendys_287,-1
Everything reminds me of...ğŸ˜,wendys_288,1
"A breakfast this good deserves to be shared. Tag your go-to buy one, get one breakfast bud in the comments. Pro tip: you can tag yourself.",wendys_289,-1
*Investment*,wendys_290,1
Had to break it to â€˜em,wendys_291,1
Steamy,wendys_292,1
Fries sold separately,wendys_293,1
Let the experts weigh in.,wendys_294,1
The people want to know,wendys_295,1
Truth.,wendys_296,1
Ya curious?,wendys_297,1
Threw it in just 4 you. Tag a friend to share the â¤ï¸.,wendys_298,1
The motherboard is fried.,wendys_299,1
Grad u ate some Wendyâ€™s.,wendys_300,1
Pigtails will always be in.,wendys_301,1
Describe a Frosty in one word.,wendys_302,0
Truth.,wendys_303,1
"Get the chicken you crave with our 2 for $5, but which two are you taking?",wendys_304,-1
That potato life.,wendys_305,1
Gettin free nugs today is the next best thing.,wendys_306,1
"That feeling when your outfitâ€™s looking super fresh. If you wanna dress like Wendy in Animal Crossing, use code:",wendys_307,0
"Honestly, whatâ€™s the difference?",wendys_308,1
"To keep updated on the latest, click the link in our bio.",wendys_309,-1
McWho?,wendys_310,-1
Itâ€™s literally called the Breakfast Baconator.,wendys_311,-1
History in the making.,wendys_312,-1
Serving Wâ€™s for breakfast.,wendys_313,1
"Oof. We've got 6 days till March 2nd. Seems excessive but hey, you're the King.",wendys_314,1
Baconator. For. Breakfast. How could you NOT want in on this?,wendys_315,-1
No shame.,wendys_316,1
Whoops.,wendys_317,1
Just chillinâ€™ at our mountainside B&B at the #xgames. Living that #blessed life.,wendys_318,-1
Crispy.,wendys_319,-1
"Once you get it, itâ€™s over.",wendys_320,1
When you tasty and you know it.,wendys_321,1
Humans only pls.,wendys_322,1
Â¯\_(ãƒ„)_/Â¯,wendys_323,1
Bean.,wendys_324,1
Donâ€™t you let anyone tell you otherwise.,wendys_325,-1
Weâ€™re a freaking winter wonderland. (sound on),wendys_326,-1
Name the song.,wendys_327,1
Gotta be SPICY to light our fire. Link to full video in bio.,wendys_328,1
Flexinâ€™,wendys_330,1
A mood.,wendys_331,1
"Feeling fresh, might delete later.",wendys_332,1
Truer words have never been spoken.,wendys_333,-1
"If you know, you know.",wendys_334,1
"Thereâ€™s many Mortys but only one serves up spicy nuggets. Thatâ€™s right, thereâ€™s a Wendy Morty out there. Let us know",wendys_335,1
Were you about to scroll by without trying to find Wendy Morty? Shame on you. Restore your honor by finding her. Let us,wendys_336,1
Somewhere out there is the Wendy-est Morty. Let us know when you find her.,wendys_337,1
Can you find Wendy Morty? She looks exactly like what you just imagine when you read â€œWendy Morty.â€ Let us know when you,wendys_338,1
"Looking for Wendy Morty? Sheâ€™s totally not in this one. So keep looking. But if you do happen to find her, let us know.",wendys_339,1
Thereâ€™s a Wendy Morty guys. Tell us when you find her. The ball is in your multiverse.,wendys_340,1
So weâ€™re just gonna bring you a birthday gift on our birthday to our birthday party on our birthday with a birthday gift. We turn 50 this month and want to celebrate. ğŸ‰,wendys_341,-1
Where is the square hamburger emoji when you need it?,wendys_342,-1
2 for $5 > Rent,wendys_343,1
Whereâ€™s the lie?,wendys_344,1
Them: Whatâ€™s your favorite number? ,wendys_345,1
*Checks Camera Roll*,wendys_346,-1
"After review, the ruling that Wendyâ€™s is the ğŸ still stands.",wendys_347,0
Epic Gamer moment. Play our new @GIPHY Arcade Games ğŸ•¹ Link in bio.,wendys_348,-1
Do it for the gram.,wendys_349,-1
Period.,wendys_350,1
"Join the fight against the dark art of frozen beef. Our first tabletop RPG, #FeastOfLegends, is officially live! Download now for FREE: feastoflegends.com",wendys_351,-1
The Realm needs heroes. 10.3.19,wendys_352,-1
Weâ€™re on a boat,wendys_353,-1
"Choose your fighter. 1, 2 or 3?",wendys_354,1
Anyone elseâ€™s car do this? Asking for a friend.,wendys_355,-1
Even your elementary school teacher agrees.,wendys_356,-1
Queen of Spice and thatâ€™s not up for debate. ğŸ”¥ğŸ‘¸,wendys_357,1
Change my mind.,wendys_358,-1
Okay but same.,wendys_359,-1
New month. Same nuggs.,wendys_360,-1
ğŸ”¥ğŸ”¥ğŸ”¥,wendys_361,-1
Donâ€™t forget.,wendys_362,-1
Sheâ€™s doing us all a service.,wendys_363,-1
The spicy sign weâ€™ve all been looking for ğŸ‘€ğŸ”¥,wendys_364,-1
Relationship Goals ğŸ”¥,wendys_365,1
"Finally, a post you care about: Spicy Nuggs are back, baby ğŸ”¥",wendys_366,-1
Priorities on point tbh.,wendys_367,1
You asked and the Queen of Spice delivered. Spicy Nuggs are back on the menu. Youâ€™re welcome ğŸ”¥ğŸ”¥ğŸ”¥,wendys_368,-1
Spicy Chicken Nuggets will now be back in all restaurants THIS MONDAY! Get ready. ğŸ”¥,wendys_369,-1
"More than just one level, we made a whole world #SMM2",wendys_370,1
