caption,image_id,funny_score
all i see is deliciousness,mcdonaldscanada_0,1000
our biggest most McDonaldâ€™s burger is less than a day away,mcdonaldscanada_1,0
schoolâ€™s in session! send this to whoever u think NEEDS to know,mcdonaldscanada_2,1000
ur telling me u donâ€™t want to discuss the boot shaped nugg????,mcdonaldscanada_3,1000
see how excited u are? very mindful.,mcdonaldscanada_4,0
these breakfast wraps got ur mornings going fromğŸ˜« ğŸ’¤ ğŸ˜”ğŸ« ğŸ¥±to ğŸ˜ âœ¨ğŸ’¯ğŸ‘ŒğŸ¥°!!!! which one are u trying first??,mcdonaldscanada_5,0
wrap ur head around this one tmr,mcdonaldscanada_6,1000
"my end of summer is popping OFF (big thanks to the Vanilla Cone, ily)",mcdonaldscanada_7,1000
the rest of the cups in ur cupboard are literally sooooooo jealous rn,mcdonaldscanada_8,0
it may soon be time to dust off ur big scarves and wide brimmed hats,mcdonaldscanada_9,1000
tell me in the comments and iâ€™ll tell u which McDâ€™s drink u are,mcdonaldscanada_10,100
"yeah, thatâ€™s right, i brought out the fancy glasses",mcdonaldscanada_11,1000
"if ur an iced coffee drinker pls keep scrolling - if ur a hot coffee drinker, get a small for $1 and tell everyone u",mcdonaldscanada_12,1000
"itâ€™s not a trend, it's a way of life.",mcdonaldscanada_13,1000
whoâ€™s ur ideal dinner guest and why is it Grimace?,mcdonaldscanada_14,1000
bet u canâ€™t name something better,mcdonaldscanada_15,1000
which one is ur fav be honest,mcdonaldscanada_16,0
"if ur wondering what the Hamburglar's dreams look like, this is it",mcdonaldscanada_17,1000
"when the guy said â€œPicasso, i like itâ€ he was talking about this work of art",mcdonaldscanada_18,1000
not sure which is harderâ€¦ solving the problem or not eating the fries,mcdonaldscanada_19,1000
"collectors, the wait is over",mcdonaldscanada_20,0
64 tablespoons equalsâ€¦.?,mcdonaldscanada_21,0
"ur about to have some truths told to u, i hope ur ready",mcdonaldscanada_22,1000
"i bring a Big Mac on the Big Nickel energy to the function, wbu?",mcdonaldscanada_23,1000
finding the perfect parking spot to film ASMR was a journey,mcdonaldscanada_24,0
"*ad Start the car ğŸš˜ and save this Ontario road trip itinerary for your next adventure this summer! ğŸï¸ğŸ‘™ğŸŸ
 
Hereâ€™s the ultimate beach road trip itinerary â¬‡ï¸
 
Stop #1: @mcdonaldscanada for road trip snacks and drinks 
 
Stop #2: Explore the small town of Port Hope
 
Stop #3: Presquâ€™ile Provincial Park 
 
Stop #4: Dunes Beach at Sandbanks Provincial Park 
 
#ontariotravel #ontarioroadtrip #discoverontario #candiantraveler #beachgetaway #weekendgetaway #ontariobeaches #thingstodotoronto 
#torontofood",mcdonaldscanada_25,0
tell me in the comments how badly u need one of these and iâ€™ll probably agree with u,mcdonaldscanada_26,0
esp when i got sweet and sour in hand,mcdonaldscanada_27,1000
itâ€™s international friendship day and here are some ways u can tell them u love them,mcdonaldscanada_28,0
life is a game of chess. whatâ€™s ur first move?,mcdonaldscanada_29,0
"but waitâ€¦ itâ€™s also new low prices on medium, large, and EXTRA large, get ready to start winning â˜•ï¸",mcdonaldscanada_30,1000
McCrispy fansâ€¦the new Firecracker McCrispy is avail now and has ur name on it. ur going to wanna savour this one.,mcdonaldscanada_31,100
"weâ€™re bringing u something ur gunna love

prepare urself for a new sweet and spicy sandwichâ€¦coming July 23",mcdonaldscanada_32,0
or maybe u put it IN the McMuffin because u love chaos,mcdonaldscanada_33,100
the Summer Treat Days rotation u never knew u needed,mcdonaldscanada_34,0
"if u found it, write it in the comments (but in code so u donâ€™t spoil it for everyone else)",mcdonaldscanada_35,100
"came for the view, stayed for the doggos",mcdonaldscanada_36,0
"check the app to see if Orange Cream Pop Shake is still available at restaurants near u. if itâ€™s not, donâ€™t worry! itâ€™ll",mcdonaldscanada_37,0
"itâ€™s world emoji day so if ur not immediately dropping urs in the comments so i can pass judgement, what are u even",mcdonaldscanada_38,1000
obsessed with the way u all enjoy ur McDâ€™s!! whatâ€™s ur thing?,mcdonaldscanada_39,0
all this calculating is making me hungry,mcdonaldscanada_40,0
"change ur day to chill with a $1 + tax Vanilla Cone, only in the app",mcdonaldscanada_41,0
ğŸŸ GET FREE* LARGE FRIES ğŸŸ when u spend $1 in the app because itâ€™s national french fry day... and u deserve to treat,mcdonaldscanada_42,0
its always fun when u got szechuan,mcdonaldscanada_43,0
"$1 (+tax) FOR A SMALL PREMIUM ROAST COFFEE, I AM BEING SO FOR REAL RIGHT NOW",mcdonaldscanada_44,1000
if ur at the Calgary Stampede hit me upâ€¦ and if ur not wyd??,mcdonaldscanada_45,0
just think about it: ur living at the same time as a true legend.,mcdonaldscanada_46,100
"a small Premium Roast Coffee is now $1 +tax, right here, right now, every single day!",mcdonaldscanada_47,0
thats a wrap!! McDâ€™s ğŸ¤ Calgary Stampede 2024,mcdonaldscanada_48,0
giddy up!!! yâ€™all ready for a ride?,mcdonaldscanada_49,1000
#TBT,mcdonaldscanada_50,0
"i know its hard but itâ€™s ok, u can do this",mcdonaldscanada_51,0
double tap to CLAIM this summer crush ğŸŠğŸ§¡âœ´ï¸,mcdonaldscanada_52,0
ğŸ’šğŸ’›ğŸ§¡â¤ï¸ğŸ–¤ğŸ’™ğŸ’œğŸ©·,mcdonaldscanada_53,0
send this to someone u love,mcdonaldscanada_54,0
them: â€˜what are u writingâ€™,mcdonaldscanada_55,1000
get a taste of every era with new Throwback Sauces available now for a limited time.,mcdonaldscanada_56,0
"why taste one era when u can taste all of them? try the 1980s Garlic Parmesan sauce, 1990s Szechuan sauce and 2000s",mcdonaldscanada_57,0
takes me ba da ba ba back,mcdonaldscanada_58,1000
new summer crush just dropped. the refreshing and creamy Orange Cream Pop Shake is available 6/25 ğŸŠğŸ§¡âœ´ï¸,mcdonaldscanada_59,0
and ur never gonna find out (jk u will soon) ğŸŠğŸ§¡âœ´ï¸,mcdonaldscanada_60,1000
and they donâ€™t even know it,mcdonaldscanada_61,1000
"weâ€™re not technically selling these, but u literally just have to stack two Junior Chickens to really make ur dadâ€™s day",mcdonaldscanada_62,1000
"McShaker Fries are the best friends u make on the lawn, and think about for years after (ps that IS a reminder to get",mcdonaldscanada_63,1000
i'm rarely wrong about such matters ğŸ‘‘,mcdonaldscanada_64,100
"road trip szn has begun and if ur an eagle eyed passenger, uâ€™ll notice a lil somethingâ€¦ (ps donâ€™t forget to add ur",mcdonaldscanada_65,100
honestly iâ€™m just trying to tell u that the strawberry pie is back and u need to go get one,mcdonaldscanada_66,1000
feeling the Fruit Splash and beach day vibe today hbu,mcdonaldscanada_67,0
"if u wanted to recapture the taste of a summer sunday at the fair, here it is (ps give me inspo for what to try the Masala fries with)",mcdonaldscanada_68,0
weâ€™re team McD ğŸ’,mcdonaldscanada_69,1000
did u get the churros chills too???,mcdonaldscanada_70,0
"Frycon hunters, start ur swiping. and keep lookin wherever u are cuz we got â€˜em all over the place.",mcdonaldscanada_71,0
this is subliminal messaging and thereâ€™s a reason i posted it before 11am,mcdonaldscanada_72,1000
iâ€™m not saying Churros and Masala McShaker Fries are a masterpiece butttttâ€¦,mcdonaldscanada_73,1000
u want a chance to win* free McShaker fries? obvi! swipe to find out how ğŸ‘€,mcdonaldscanada_74,0
to all u Quarter Pounder fansâ€¦pls donâ€™t say i didnâ€™t warn u :),mcdonaldscanada_75,0
stitch with @yegventuresfood u asked so nicely ğŸ¥¹. McShaker Fries have landed in the app.,mcdonaldscanada_76,0
lirsifoweroijksajdfla - sorry was just shaking my phone in anticipation of something BIG coming back,mcdonaldscanada_77,1000
certain things are just born for the spotlight and weâ€™re lucky to even sit in their shadow,mcdonaldscanada_78,1000
comment if u miss DJ Grimace too ğŸ’œğŸ«¶,mcdonaldscanada_79,0
thx 4 partying with me Canada i canâ€™t wait 2 come back ğŸ’œ,mcdonaldscanada_80,0
ya i travelâ€¦ to my McD'sâ€¦ :),mcdonaldscanada_81,1000
canadaaa it meansss so much 2 me that u like my shhakee...check the McD's app 2 see if my shakee is still available near uuu,mcdonaldscanada_82,1000
"something about a Happy Meal box really completes an outfit, dontcha think?",mcdonaldscanada_83,0
"like if u agree, comment if ur gonna try and eat a McCrispy just to confirm",mcdonaldscanada_84,1000
surprisee itâ€™s Grimace iâ€™m gonna DJ 4 u tonite,mcdonaldscanada_85,0
"*ad I can finally reveal my Canadian exclusive with the one and only Grimace! In his first Canadian sit down, we talk all about fame and bringing the iconic Grimace Shake to Canada for the first time. Available now, you can try your own Grimace Shake at participating restaurants across Canada but only for limited time! @mcdonaldscanada",mcdonaldscanada_86,0
surprise Canada!!1 itâ€™s Grimace & i brought my shake 2 uuuâ€”& i have another surprise 4 u tomorro,mcdonaldscanada_87,0
itâ€™s tiiiiiiime. my fav lineup all summer starts May 14th. which headliner are u most looking forward to?,mcdonaldscanada_88,0
just found these on the floorâ€¦,mcdonaldscanada_89,1000
something special for someone special <3,mcdonaldscanada_90,1000
"McHappy Day was on Wednesday, and yâ€™all CAME THROUGH! Thank you to everyone who supported and donated in every way they did - we raised nearly $9million for @RMHCCanada! We had a lot of fun, and we think you did too... 

ğŸ¥ 
@sherrysize 
@senators 
@kylact 
@janleighaubrey 
TikTok: padreandlaur
X: BramptonFireEs",mcdonaldscanada_91,0
can't put down my McWrap so have to use voice assistant sry not sry,mcdonaldscanada_92,0
"iâ€™m starting the day off RIGHT wbu? I wanna see how youâ€™re celebrating McHappy Day all day today, tag @mcdonaldscanada in your McHappy Day activities!",mcdonaldscanada_93,0
McHappy Day has ARRIVED!!! how are you helping out our @rmhccanada families today? itâ€™s as easy as placing your fave,mcdonaldscanada_94,0
"on McHappy Day, order your faves and help families through the RMHC. See you May 8th",mcdonaldscanada_95,0
do good and feel good on McHappy Day. All you have to do is order and you're helping families through RMHC,mcdonaldscanada_96,0
On McHappy Day all it takes is an order and youâ€™re helping families through the RMHC. feel the good that comes from doing good,mcdonaldscanada_97,0
tag the person ur celebrating with,mcdonaldscanada_98,1000
k McWrap fansâ€¦2 things u need to know about the new Creamy Avocado Ranch McWrap ,mcdonaldscanada_99,0
for anyone who tried the Remix Menuâ€¦only here â€˜til April 29 ğŸ‘€ @lilyachty,mcdonaldscanada_100,0
iâ€™m feeling smooth just looking at this Cold Brew,mcdonaldscanada_101,0
tell me what to make next and once i finish this mouthful of McDouble iâ€™ll do it,mcdonaldscanada_102,0
literally me all weekend screaming PLAY MENU SONG from Canada @lilyachty,mcdonaldscanada_103,1000
itâ€™s national record store day so u already know im bumpin this all day. who wants to listen with me??,mcdonaldscanada_104,0
a new era beginsâ€¦,mcdonaldscanada_105,100
have u tried the REEEEEMIX Menu yet?? ,mcdonaldscanada_106,0
entering my country era,mcdonaldscanada_107,1000
iâ€™ll forever be a Sweet Chilli Junior Chicken idc,mcdonaldscanada_108,0
is it stuck in ur head yet?,mcdonaldscanada_109,0
this is what i meant when i said the new Cold Brew at McDâ€™s is gonna be a BIG deal,mcdonaldscanada_110,0
where would u wear this?? (say everywhere),mcdonaldscanada_111,0
POV: ur the McDonaldâ€™s app as i order the Remix Menu ,mcdonaldscanada_112,0
can i get uuuuuuhhhâ€¦ the Hello Kitty + Yugi-Oh Happy Meal???,mcdonaldscanada_113,1000
"itâ€™s HEEEREEE! our McHappy Day x @peacecollective merch has landed, and u can definitely catch me in the bucket hat",mcdonaldscanada_114,0
ğŸŒ•ğŸŒ–ğŸŒ—ğŸŒ˜ğŸŒ‘ğŸŒ’ğŸŒ“ğŸŒ”ğŸŒ•and toda,mcdonaldscanada_115,1000
"guess whatâ€™s cominggggggg ğŸ‘€ hereâ€™s a sneak peek at the @peacecollective McHappy Day merch so you can do good, feel good ",mcdonaldscanada_116,0
hereâ€™s how weâ€™re remixinâ€™,mcdonaldscanada_117,0
"Remix Menu available now, run donâ€™t walk",mcdonaldscanada_118,0
MENU SONG REMIX WITH @lilyachty OUT NOW,mcdonaldscanada_119,0
available at a McDâ€™s nowhere near u (check the date),mcdonaldscanada_120,1000
celeb sighting: McDâ€™s x who?,mcdonaldscanada_121,0
April 2nd 2024. get readyâ€¦,mcdonaldscanada_122,0
"Cold Brew is HERE and if this isnâ€™t a sign telling u to go get one, i really donâ€™t know how to make it clearer",mcdonaldscanada_123,0
COLD BREW IS HERE AND I HAVE ALREADY HAD ONE CAN U TELL???? but fr go get one and tell me exactly how smoooooooth it is,mcdonaldscanada_124,0
did we just become the official iced coffee of winter?,mcdonaldscanada_125,0
who would say no to McDelivery for life?,mcdonaldscanada_126,1000
"one for my horoscope ppl (even if u donâ€™t think thatâ€™s u, i know ur gonna look urs up)",mcdonaldscanada_127,100
tell me ur pie-related nickname and iâ€™ll tell u what pie to get (itâ€™ll probably be blueberry because itâ€™s new and i want,mcdonaldscanada_128,1000
when i say iâ€™m spring cleaning i mean cleaning out the bottom of a Cadbury Creme Egg McFlurry,mcdonaldscanada_129,1000
let the last week of WcDonaldâ€™s be a celebration of the wcnuggets we dippedâ€¦and the friends made along the way,mcdonaldscanada_130,1000
numbers and fries were crunched while doing this research,mcdonaldscanada_131,1000
"there may be plenty of fish in the sea, but thereâ€™s only one Filet",mcdonaldscanada_132,0
u know what time it is,mcdonaldscanada_133,1000
this is *technically* a pie chart and a clue as to how iâ€™m celebrating Pi Day,mcdonaldscanada_134,1000
is this canon?,mcdonaldscanada_135,1000
hitting up the moon-base WcDonaldâ€™s can i get u anything (ps new WcDonaldâ€™s short is here and itâ€™s mecha-nificent),mcdonaldscanada_136,1000
u and who??,mcdonaldscanada_137,1000
"â€¦and i want to thank Grimace and the iced coffees that got me where i am todayâ€¦ no pls donâ€™t play the music, iâ€™m almost",mcdonaldscanada_138,1000
drive drive drive wait im hungry okay drive drive drive,mcdonaldscanada_139,1000
"oh man, iâ€™m going to be swimming in McDâ€™s",mcdonaldscanada_140,1000
new wcdonald's short just dropped (â–°Ë˜â—¡Ë˜â–°) catch it like kazuki's lightning fast reflexes and tell us what u think,mcdonaldscanada_141,1000
"ok ok, just because uâ€™ve all been asking who my date is tonight",mcdonaldscanada_142,1000
me with the sauce (ï¾‰â—•ãƒ®â—•)ï¾‰*:ï½¥ï¾Ÿ,mcdonaldscanada_143,1000
winter Iced Coffee drinkersâ€¦.i heard u. i got u. i can finnaalllyy show u the McCafÃ© Puffer. tell me how bad u need this,mcdonaldscanada_144,1000
PSA: Shamrocks are back in szn,mcdonaldscanada_145,1000
fav restaurantâ€¦ fav animeâ€¦ welcome to WcDonaldâ€™s,mcdonaldscanada_146,1000
"idk about u but i must know who wins the race!!!! tap the link in the bio to find out, plus BONUS MANGA!",mcdonaldscanada_147,1000
me getting McCafÃ© multiple times a day is self care okay!?!?!,mcdonaldscanada_148,1000
WcDizer is just like me fr,mcdonaldscanada_149,1000
people who say if u love it let it go clearly have not experienced losing the McRib. ğŸ’”,mcdonaldscanada_150,1000
m â¡ï¸ w 2.27,mcdonaldscanada_151,1000
a new universe is coming. level up with wcdonalds sauce and wcnuggets 2.27,mcdonaldscanada_152,1000
everything is about to turn upside downâ€¦,mcdonaldscanada_153,1000
for the next month my nights will only consist of thinking of the Shamrock Shake,mcdonaldscanada_154,1000
if u get it right i will personally like ur comment,mcdonaldscanada_155,100
Canadian farmers out here doing the dang thing! We are grateful for the farmers who are bringing 100% Canadian beef to,mcdonaldscanada_156,1000
dropping some inspo for nuggs and kisses,mcdonaldscanada_157,0
itâ€™s Galentineâ€™s Day and i wanna know who uâ€™d give these to (no u canâ€™t @ me),mcdonaldscanada_158,0
"i ask once again, name a more iconic duo",mcdonaldscanada_159,1000
itâ€™s a BIG day,mcdonaldscanada_160,1000
who wants to join my fantasy league? u know iâ€™ll be bringing the best snacks,mcdonaldscanada_161,1000
just found out Usher sang about me in his new song...donâ€™t rlly know how to act,mcdonaldscanada_162,1000
the anatomy of a McRib fan,mcdonaldscanada_163,1000
"hi pls meet my incredibly niche and specific playlist, and i can confirm it is aux-worthy",mcdonaldscanada_164,1000
i call this the tasty sandwich department,mcdonaldscanada_165,1000
"be honest, can i pull off a McRib sauce tooth gem?",mcdonaldscanada_166,100
"they say good things come in small packages, like apple pies AND the month of February",mcdonaldscanada_167,1000
tell me about ur day ğŸ˜ but only include the parts that involve the McRib.,mcdonaldscanada_168,0
"if u really look at the lyrics, thereâ€™s no way Harry wasnâ€™t singing McDâ€™s (ps happy birthday king ğŸ‘‘)",mcdonaldscanada_169,1000
just cute lil McDonaldâ€™s âœ¨thingsâœ¨,mcdonaldscanada_170,1000
but i'll have to try again just to be sure,mcdonaldscanada_171,1000
why do i feel like Gordon Ramsay when i do the last one,mcdonaldscanada_172,0
ok the Hot Honey McCrispy is kinda famous and im here for it. only avail until Jan 29 if u havenâ€™t tried it yet wyd??,mcdonaldscanada_173,0
"*takes deep breath, prepares for chaos*
after a decade away the McRib returnsâ€¦
get the McRib starting Jan 30",mcdonaldscanada_174,100
letting the McRib know what itâ€™s missed over the last 10 years,mcdonaldscanada_175,1000
soâ€¦got this text last night?,mcdonaldscanada_176,1000
"iâ€™m actually entering my â€œentering a new era 4 times a dayâ€ era, wbu?",mcdonaldscanada_177,1000
idk i just feel like this cheese deserves an honourable mention,mcdonaldscanada_178,0
love u @pskills43! grabbing a Siakam Swirl McFlurry while i still can,mcdonaldscanada_179,0
"only accepting comments like â€œthat was so fetchâ€ and ""groolâ€... ty",mcdonaldscanada_180,100
"if someone sent u this, they have a crush on u",mcdonaldscanada_181,1000
can i get uuuhhhhhhh buzzy fire pls,mcdonaldscanada_182,1000
my boss asked whether i knew how to photoshop so i sent this in response xoxo,mcdonaldscanada_183,1000
iâ€™m always double dipping my 100% Canadian-raised seasoned chicken nuggs and this is a safe space for me to admit that,mcdonaldscanada_184,1000
iâ€™m embracing burrito life this month and i think u should too,mcdonaldscanada_185,1000
PSA ur skin care routine pairs well with a late night small fry and 10 chicken nuggies,mcdonaldscanada_186,1000
bringing this energy to my next McDâ€™s visit,mcdonaldscanada_187,0
uâ€™ve def thought about what it would be like to be wrapped up like a Breakfast Burrito donâ€™t lie,mcdonaldscanada_188,0
ok i can finally tell u buzzy fire is the only way to say Hot Honey McCrispy,mcdonaldscanada_189,0
"i am officially OOO for the holidays, and i trust uâ€™ll all be very well behaved in my absence - if u need anything pls",mcdonaldscanada_190,1000
should this be real so we can hit the bunny hill together?,mcdonaldscanada_191,1000
not me putting the â€œcuteâ€ in charcuterie ğŸ‘‰ğŸ‘ˆ,mcdonaldscanada_192,0
"if someone sent u this, it means they want u step up ur wrapping game like @thediymommy",mcdonaldscanada_193,0
send this to ur partner so they can take note,mcdonaldscanada_194,1000
â€œtoday feels like a McGriddles dayâ€ - me to myself every morning,mcdonaldscanada_195,0
this is my date night,mcdonaldscanada_196,1000
the more u knowâ€¦ ,mcdonaldscanada_197,1000
McDâ€™s but make it coquette,mcdonaldscanada_198,0
a holiday party with grimace? sign me up,mcdonaldscanada_199,1000
thereâ€™s a little McNugget in everyone... and thereâ€™s a McNugget Buddy in every box,mcdonaldscanada_200,0
"iâ€™m rocking with the boot shaped nuggie + bbq, hbu?",mcdonaldscanada_201,1000
the ultimate rizz,mcdonaldscanada_202,1000
"i hope this is all very clear to u, and if itâ€™s not then small claims court is the only way",mcdonaldscanada_203,1000
omg awe wow stop making me blush,mcdonaldscanada_204,0
Herb and Garlic Seasoned Fries are here and idk about u but making them my holiday aesthetic is kinda a vibe,mcdonaldscanada_205,1000
"u know the love is real when u write a song about it 
@sarawais  @joshcruddas",mcdonaldscanada_206,0
new mcnugget buddies are coming. can you collect them all? ,mcdonaldscanada_207,0
hope ur ready for some new friends,mcdonaldscanada_208,0
a lot of science has gone into this thank u for asking,mcdonaldscanada_209,1000
"pick(le) me, choose me, love me",mcdonaldscanada_210,1000
"i will be replying to ur comments covered in nugget dust, okay???",mcdonaldscanada_211,1000
the venn diagram of my favourite ppl and ppl who wear Crocs is a circle,mcdonaldscanada_212,1000
"out here rating Crocs like iâ€™m not gonna give them all 10/10

Adult sizes only. Available on Crocs.ca while supplies last.",mcdonaldscanada_213,0
"i know u want them allllll but if u HAD to pickâ€¦?

*Jibbitz included with purchase.
Adult sizes only. Available on Crocs.ca while supplies last.",mcdonaldscanada_214,0
If u want them u better activate sports mode rn. McDonaldâ€™s x Crocs visit our bio to shop now!,mcdonaldscanada_215,0
McDonaldâ€™s x Crocs: 11/14,mcdonaldscanada_216,0
for legal reasons (because i know yâ€™all) these arenâ€™t available for purchase,mcdonaldscanada_217,1000
i actually had to stop editing this video half-way through to order a McFlurry,mcdonaldscanada_218,0
pika pika,mcdonaldscanada_219,1000
why yes my nails do complement my McFlurry ğŸ’… - @wendyrorong,mcdonaldscanada_220,0
is it even spooky szn if ur not trying to collect them all? get urs while u can,mcdonaldscanada_221,1000
the Trick â€˜N Treat McFlurry has my heart,mcdonaldscanada_222,1000
what do u want to see next?,mcdonaldscanada_223,0
"tfw uâ€™ve been waiting all year for ur fave top-hat buddy. Hot tip: peel on pack, then in the app for double the prizes!",mcdonaldscanada_224,0
send this to the cute October babies in ur life,mcdonaldscanada_225,100
itâ€™s national taco day and i didnâ€™t wanna feel left out,mcdonaldscanada_226,0
"so many ways to win, so little time. monopoly is back.",mcdonaldscanada_227,1000
@natdoumkos entering her rom com era,mcdonaldscanada_228,0
think thereâ€™s someone out there for me?,mcdonaldscanada_229,1000
now thatâ€™s the type of biology class I wouldâ€™ve been into,mcdonaldscanada_230,1000
"doing my ranch happy dance, what do u want to see us make next?",mcdonaldscanada_231,0
"imitation is the highest form of flattery, and iâ€™d love to be flattered today",mcdonaldscanada_232,0
comment below what u want to see me make next,mcdonaldscanada_233,0
texts that feel like a hugâ€¦.<3,mcdonaldscanada_234,0
donâ€™t talk to me until iâ€™ve had my McDâ€™s,mcdonaldscanada_235,0
"idc if itâ€™s warm outside - PSL szn has arrived, right @natdoumkos?",mcdonaldscanada_236,0
the highest compliment tbh,mcdonaldscanada_237,1000
my body is nuggies at this point and iâ€™m not mad about it,mcdonaldscanada_238,1000
doing this with all the McDâ€™s pics i have on my phone,mcdonaldscanada_239,0
me + who??,mcdonaldscanada_240,100
"if u look real close, uâ€™ll see urself in the second pic",mcdonaldscanada_241,1000
60% Sprite 40% Fruitopia is the only way donâ€™t come at me,mcdonaldscanada_242,0
"mY thumbbs too big to pussh buttonsss, thanks xbbox",mcdonaldscanada_243,1000
donâ€™t ask me about the last one,mcdonaldscanada_244,1000
the new universal hand gesture for â€œcoffee plzâ€,mcdonaldscanada_245,1000
"when ur one true love is a McD's Pumpkin Spice Latte, u gotta start making memories",mcdonaldscanada_246,1000
a visual representation of my dream last night. and yes thatâ€™s a ranch fountain with floating Ranch McCrispy sandwiches,mcdonaldscanada_247,1000
"if u havenâ€™t tried the Squishmallows McFlurry yet, wyd?",mcdonaldscanada_248,0
this is how iâ€™m getting thru Mercury retrograde and i will not be taking questions at this time,mcdonaldscanada_249,1000
who needs to get a September baby a gift when u can just send them this?,mcdonaldscanada_250,0
iâ€™ll be having 10 nuggies and a sense of achievement thank u,mcdonaldscanada_251,1000
"to help Torontonians through Mercury retrograde we did a lil fortune telling machine, and gotta say i saw a lot of fries in the future. Montreal, weâ€™re hitting you next, see u at 463 St Catherineâ€™s St W Sept 8-9",mcdonaldscanada_252,0
the new ranch mccrispy is here. prove ur love for ranch in the comments ğŸ‘‡ğŸ‘‡ğŸ‘‡ğŸ‘‡,mcdonaldscanada_253,0
iâ€™m cusp so iâ€™m getting a QPC and an apple pie and getting the party started,mcdonaldscanada_254,100
"CONTEST CLOSED
ğŸ”®GIVEAWAYğŸ”® if ur looking for light in the darkness, search no further. i wanna help u navigate Mercury retrograde, u just gotta tell me why u NEEEED this Galaxy Lamp and it could be urs*. all u need to do is:
âœ…follow us
âœ…comment below
âœ…manifest good vibes only

* Open to Cdn res. who are the age of majority by August 23/23 with public Instagram and/or TikTok account. Runs 11am ET Aug 23/23 -11:59:59pm ET Sep 6/23. Must follow @mcdonaldscanada or @mcdocanada. Total of 50 prizes avail., ARV: $92.60 ea., limit 1 Entry per person, per platform. Random draw. Skill-test reqâ€™d. Link to rules in bio.",mcdonaldscanada_255,0
"i can see ur future, and it involves going to King & Brant on 08/26 and Front & Windsor on 08/27 to get ur future told by our mystical magical machine

#toronto #mcdonaldscanada #torontolife",mcdonaldscanada_256,0
"CONTEST CLOSED
ğŸ”®GIVEAWAYğŸ”® if Mercury retrograde is tiring u out, itâ€™s time to catch some zâ€™s. tell me why u deserve to win this super soft McDâ€™s blanket and sleep mask, and it could be urs*. all u need to do is:
âœ…follow us
âœ…comment below
âœ…manifest good vibes only

* Open to Cdn res. who are the age of majority by August 23/23 with public Instagram and/or TikTok account. Runs 11am ET Aug 23/23 -11:59:59pm ET Sep 6/23. Must follow @mcdonaldscanada or @mcdocanada. Total of 50 prizes avail., ARV: $92.60 ea., limit 1 Entry per person, per platform. Random draw. Skill-test reqâ€™d. Link to rules in bio.",mcdonaldscanada_257,0
ğŸ”®GIVEAWAYğŸ”® iâ€™m here to spread good vibes ONLY. why do u need this set in ur life? Tell me below and u could win it for u,mcdonaldscanada_258,0
"my mercury makes me hungry, but my rising really quenches my thirstâ€¦ what are urs?",mcdonaldscanada_259,1000
pov: mercury is going into retrograde and ur friend is using that as an excuse to â€œtryâ€ ur Jr. Chicken,mcdonaldscanada_260,1000
which one are u trying and why is it the Root Beer float?,mcdonaldscanada_261,0
**CONTEST CLOSED**,mcdonaldscanada_262,0
brb setting up a meeting about the Vanilla Cone,mcdonaldscanada_263,1000
â€¢ PALACE McDONALD'S,mcdonaldscanada_264,0
new secret menu unlocked,mcdonaldscanada_265,1000
I saved the best one for last DO NOT TOUCH!,mcdonaldscanada_266,1000
iâ€™m actually obsessed with the new Squishmallows McFlurry,mcdonaldscanada_267,0
"â€¢ PALACE McDONALDâ€™S 
â€¢ 8.14",mcdonaldscanada_268,0
the wait time rn is real but at least we are all in it together swifties,mcdonaldscanada_269,1000
letâ€™s get it poppinâ€™ @squishmallows ğŸ¦,mcdonaldscanada_270,0
i know u know an August baby who needs to hear all of this,mcdonaldscanada_271,1000
new drop. i did it. i got the collab of my dreams. Squishmallows McFlurryÂ® is real and ur going to love it.,mcdonaldscanada_272,0
something about these drinks makes me feel seen,mcdonaldscanada_273,0
iâ€™d like to take this opportunity to remind people that i would never ask for gift cards by DM (i canâ€™t speak for the,mcdonaldscanada_274,1000
i need a Big Mac sauce dispenser at home,mcdonaldscanada_275,0
roses are red and my fave Summer Drink Days drinks are cool,mcdonaldscanada_276,1000
tag the beverage goblin in ur life,mcdonaldscanada_277,1000
sometimes u gotta girl dinner multiple times a week,mcdonaldscanada_278,0
i can't help it ok,mcdonaldscanada_279,1000
its World Poutine Day so iâ€™m putting it on everything,mcdonaldscanada_280,0
which car r u getting in?,mcdonaldscanada_281,0
i wish i could digitally stretch my food irl,mcdonaldscanada_282,1000
"idc what time it is, if you arenâ€™t at McDâ€™s before the match ur wrong.",mcdonaldscanada_283,1000
which one r u??,mcdonaldscanada_284,0
srsly i need to know,mcdonaldscanada_285,0
oh this? itâ€™s my emotional support iced coffee from McDonaldâ€™s,mcdonaldscanada_286,1000
iâ€™m a leo and can confirm,mcdonaldscanada_287,1000
day 1 of turning ChatGPT into a McDâ€™s fan,mcdonaldscanada_288,1000
"for me itâ€™s Iced Coffee road trips, hbu?",mcdonaldscanada_289,0
shout out to the bag of salad thatâ€™s been in my fridge so long it's become sentient,mcdonaldscanada_290,1000
"if u have a July baby in ur life, u hold on to them tighter than u hold on to a McDelivery bag on a windy day",mcdonaldscanada_291,1000
the sun is shining and i have 5 minutes free to chill. that's a sign to get a $2 (+ tax) sundae,mcdonaldscanada_292,1000
"Contest Alert! ğŸš¨ After some time away from my run club, I figured it was the right time to get off the couch and back into my running shoes.

To make them forget about all the time I had missed, I wasnâ€™t going to come to the run empty-handed.

I had known that McDonaldâ€™s Canada just launched a refreshed McWrap lineup in craveable flavours like Chicken & Bacon, Sweet Chili and Zesty Lime and available in crispy or grilled chicken, so I figured why not share the surprise with them and let them fuel up post run!

Made with 100% Canadian-raised seasoned chicken, the McWrap lineup is an easy option whether youâ€™re on the go or on the run. Also, you can try out the refreshed Chicken Snack Wrap lineup including flavours like Ranch and Spicy Buffalo!

Want to win a McWrap bundle to share with your group? All you need to do is:

1. Follow myself and @mcdonaldscanada 
2. Tag your group mates youâ€™d share with in the comments
3. Reside in Canada, excluding Quebec and 18+ years old
And you could be the one making your group happy!

At the end of the day, itâ€™s great to be back and to stick with running again but the team couldnâ€™t decide on their fave flavour, but I know mine was Sweet Chili. But I wanna know what yours is!?

Contest is open to Canadian residents, excluding Quebec and is in no way sponsored, endorsed or administered by, or associated with Instagram.",mcdonaldscanada_293,0
fresh dips = fresh hacks,mcdonaldscanada_294,0
this isnt a subliminal message but maybe it is,mcdonaldscanada_295,1000
iced coffee is my blood type,mcdonaldscanada_296,1000
i believe Ronald has approved this message,mcdonaldscanada_297,1000
i buckle it in cuz i know it would buckle me in if it could,mcdonaldscanada_298,1000
pre-writing hard messages in ur notes like,mcdonaldscanada_299,1000
u had me at Strawberry Pie,mcdonaldscanada_300,0
"i've made up some dad jokes, do u have any more to add?",mcdonaldscanada_301,1000
big news for the McWrap community,mcdonaldscanada_302,0
its the sizzlinâ€™ for me ğŸŸ,mcdonaldscanada_303,0
thinking of submitting this to TIFF,mcdonaldscanada_304,0
im 8 every day except friday then im 2,mcdonaldscanada_305,1000
"these pics made my day, now let me make urs",mcdonaldscanada_306,1000
iâ€™m feeling chocolate glazed vibes today hbu,mcdonaldscanada_307,0
send this to all the June bbs in ur life,mcdonaldscanada_308,1000
is it even a weeknight if ur fingers arenâ€™t covered in nugget crumbs?,mcdonaldscanada_309,1000
here's my summer photo dump (ft the star of my summer). what's the most elite Summer Drink Days drink choice?,mcdonaldscanada_310,0
"wait, my fries r trying to tell me somethingâ€¦",mcdonaldscanada_311,1000
u r clear for a McDonaldâ€™s run. send this to a friend to let them know ur in the mood for some McDâ€™s.,mcdonaldscanada_312,1000
"iâ€™m team extra cheese, wbu?",mcdonaldscanada_313,1000
a group project that went surprisingly well for onceâ€¦introducing the NEW Chipotle BBQ Quarter Pounder,mcdonaldscanada_314,1000
can confirm it's 10/10,mcdonaldscanada_315,0
Order fries with the app & you could win* a trip to try fries in another country!,mcdonaldscanada_316,0
"order fries in the app & u could win stylish travel gear!* iâ€™m eyeing the headphones, wbu? ğŸ‘€",mcdonaldscanada_317,0
happy Summer Drink Days,mcdonaldscanada_318,0
Summer Drink Days rlly is music to my ears,mcdonaldscanada_319,0
"tag urself, iâ€™m Ronaldâ€™s bat in pic 3",mcdonaldscanada_320,1000
prepare to enter ur iced coffee era,mcdonaldscanada_321,0
keep ur eyes on the fries,mcdonaldscanada_322,0
consider this ur Mother's Day inspo,mcdonaldscanada_323,0
"idk about u, but iâ€™m feeling MCHAPPYYYY!! thank you to everyone who celebrated with us today, we appreciate u.

itâ€™s not too late to still support @rmhccanada and childrenâ€™s charities across the country by ordering either at your local McDâ€™s, on the app, or thru McDelivery! 

HAPPY #MCHAPPYDAY, CANADA! ğŸ‡¨ğŸ‡¦âœ¨",mcdonaldscanada_324,0
i gave @jaurjicomedy a taste of the new Confetti Cookie Dough McFlurryâ€¦ and a confetti cannonâ€¦ whats the worst that could happen?,mcdonaldscanada_325,0
how many times are u putting sweet n sour on this list?,mcdonaldscanada_326,0
"nbd but just staying cool n texting @simuliu. u can be a hero, too by supporting McHappy Day this May 10th when every",mcdonaldscanada_327,1000
hereâ€™s one for all the icons and legends,mcdonaldscanada_328,1000
"ok so i tried but i just can't keep this a secret anymore. @simuliu IS HELPING US CELEBRATE MCHAPPY DAY, THIS MAY 10TH!!! Any menu item purchased helps support @rmhccanada and local children's charities across Canada.",mcdonaldscanada_329,0
"find the different shade. if u can pass the lemon flavour, u have the eyes of our graphic designer.",mcdonaldscanada_330,1000
"â€œMy first job ever was at this McDonaldsâ€ ğŸ¥ºâ¤ï¸

Find out what I and so many people long about working at @mcdonaldscanada by applying today and being part of the McFamily: https://careers.mcdonalds.ca/restaurant-jobs #teammcds",mcdonaldscanada_331,0
"i got Princess Apple Pie, wbu?",mcdonaldscanada_332,100
ngl i would prob finish the last one,mcdonaldscanada_333,0
"â€œdont u feel like the emojis r following u round the room?â€ - me, seeing these hanging in the Louvre",mcdonaldscanada_334,1000
ğŸ”¥ NEW 2023 McHappy Day drip by @peacecollective,mcdonaldscanada_335,0
its the koala for meâ€¦ but also may have just expensed that vintage keyboard ğŸ‘€,mcdonaldscanada_336,1000
"brb, setting my monthly intentions",mcdonaldscanada_337,0
not supposed to show u guys the new McHappy Day merch but also its ğŸ”¥sooooo here u go @rmhccanada @peacecollective. itâ€™s ,mcdonaldscanada_338,0
treats 4 my april bbs,mcdonaldscanada_339,1000
the guests are my beanie babies,mcdonaldscanada_340,1000
u cant hold a candle 2 my new aesthetic (unless ur literally holding a Cadbury Creme EggÂ® McFlurry candle from,mcdonaldscanada_341,0
no but literally EVERYONE is in this film,mcdonaldscanada_342,0
"for all u pickle stans, we made something so u never have to ask 4 extra again",mcdonaldscanada_343,0
srsly if u end up ordering ur usual after i made this iâ€™ll be a little upset,mcdonaldscanada_344,100
have i goneâ€¦ too far with my Cadbury Creme Egg McFlurry obsession? (the answer is no),mcdonaldscanada_345,0
i've written haikus and i wanna hear from you show me what you've got,mcdonaldscanada_346,1000
"if the McDâ€™s Land characters were comedians, whoâ€™s show would u go 2 and why is it Grimaceâ€™s?",mcdonaldscanada_347,1000
ok if uâ€™ve been sent this its ur duty to get one now,mcdonaldscanada_348,1000
a large fry and QPC to help me get over the jetlag,mcdonaldscanada_349,1000
the only awards that matterâ€¦ lmk what u think,mcdonaldscanada_350,1000
where my March bbies @? i got some special cards just 4 u,mcdonaldscanada_351,1000
"this is not a drillâ€¦ u've been hacking it and demanding it, but now itâ€™s FINALLY here: the OFFICIAL Chicken Big Mac",mcdonaldscanada_352,0
"send me ur Big Mac inspired nails and Iâ€™ll ask my boss for a free Big Mac voucher just 4 you <3

#InspiredbyBigMac
@manisbymanu__",mcdonaldscanada_353,0
"dear hackers, i hear uâ€¦ u can put down the buns on March 7, bcs the OFFICIAL CHICKEN BIG MAC will finally be here.",mcdonaldscanada_354,0
friendly reminder that ur never too old for a Happy Meal,mcdonaldscanada_355,0
my one goal in life is getting all of them in one trip 2 McDâ€™s,mcdonaldscanada_356,1000
Made some extra rewarding McDeliveries with the McDâ€™s app and some new pals. Check it out...SPOILER: u can order McDelivery on the McDâ€™s app to get $0 delivery fee and MyMcDonaldâ€™s Rewards points on every order ğŸ’…ğŸ»,mcdonaldscanada_357,0
this is how im using the new emojis - what have i missed?,mcdonaldscanada_358,1000
no one:,mcdonaldscanada_359,1000
"WE BEDAZZLED AN ENTIRE CAR to announce the launch of McDelivery in the @mcdonaldscanada app ğŸ’… McDonaldâ€™s has always held a special place in my heart, a place my parents would bring me to celebrate when we were little and now to team up with them on this was a real full circle moment. Over 2 years ago I bedazzled a Happy Meal for @thebirdspapaya because at that time thatâ€™s how big Lemmie was in her tummy and now weâ€™re out here doing full cars ğŸ˜

The McDonaldâ€™s app allows you to feel those same special feelings from the comfort of your home. Using the app allows you to earn points towards free McDâ€™s - and more McDonaldâ€™s is a win win for all ğŸ‘ 

Shout out to my team that helped build this one 

@rayyymadeit 
@maldrumm 
@jennvh 
@contentbysara 
@yas.artbyyas",mcdonaldscanada_360,0
I have been working on something very exciting withÂ @mcdonaldscanadaÂ to celebrate the launch of McDelivery in their appÂ âœ¨âœ¨,mcdonaldscanada_361,0
ATTN! the Shamrock Shake is officially back and yes i legitimately blocked time off in my calendar for it (canâ€™t leave,mcdonaldscanada_362,0
"imma try match making in the comments, whats ur order?",mcdonaldscanada_363,100
Big Mac fans go hard. nails. grills. u name it. they Big Mac It. swipe to see what Big Mac inspo looks like,mcdonaldscanada_364,0
the Big Mac love is so real rn. swipe to see how different creators took inspo from the Big Mac to do their thing & tag,mcdonaldscanada_365,0
"whoâ€™s a bigger McDâ€™s stan, u or Ronald?",mcdonaldscanada_366,1000
help me with my research and tag me in a video showing me how u eat them,mcdonaldscanada_367,0
"ONE OF UR FAVE PARTS OF THE BIG MAC (the sauce, duh) HAS DROPPED AS A DIP CUP (for a limited time only)",mcdonaldscanada_368,0
if u heard me say im not hungry no u didnt,mcdonaldscanada_369,1000
iâ€™ll go first; The Ba Da Ba Ba Baâ€™s with their Grammy award winning album â€œThe Perfect Sauce Dipâ€,mcdonaldscanada_370,1000
send this to 3 feb babies in ur life or u'll have 10 years of ppl stealing ur last nugg,mcdonaldscanada_371,1000
im choosing the 2 spicy habanero dips but im quite thirsty,mcdonaldscanada_372,0
"i know a McDâ€™s pickle when i see one
(and when i donâ€™t ğŸ‘€)

ğŸ“¸: @apriljuliancakes",mcdonaldscanada_373,100
yup u can order McDelivery on the McDâ€™s app now & get pts on every order â€“ u owe it to urself. and society obvs,mcdonaldscanada_374,1000
"2day feels like a cheese pun day, drop urs in the comments pls",mcdonaldscanada_375,1000
"my mom always wanted me have a career in journalismâ€¦ pretty sure this counts?? (p.s. get ur waffle fries while u can, as they r only here for a limited time)",mcdonaldscanada_376,0
McD's but make it tumblr,mcdonaldscanada_377,1000
u can actually have both bcs theyâ€™re in restaurant 2day along with ranch AND ghost pepper dips. i manifested them into,mcdonaldscanada_378,0
"if u see a McMuffin it means ur funny, if u see a QPC it means ur good looking, and if u see a Big Mac then ur me",mcdonaldscanada_379,1000
"u, me and 2023 part 2",mcdonaldscanada_380,100
"u, me and 2023",mcdonaldscanada_381,100
k now this is the kind of news i like to see.. yes waffle fries are back!! (for a limited time!),mcdonaldscanada_382,0
"ok iâ€™ve budgeted 4 the year, what do u guys think?",mcdonaldscanada_383,1000
"icymi spicy mcnuggets, waffle fries AND ranch dip are all available in restaurants now. so if ur resolution is to also",mcdonaldscanada_384,1000
does your NYD also look like this or?,mcdonaldscanada_385,1000
i like to dress up a lil for NYE wbuâ£,mcdonaldscanada_386,0
i am off so all posts until the new year will be scheduled. pls be kind to each other in my absence,mcdonaldscanada_387,0
theres something about midnight nuggets that just hit diff,mcdonaldscanada_388,0
"ICYM the last drop, this time the app team have gone rogue and have a contest 2 give away McNugget stockings (and u know",mcdonaldscanada_389,0
officially ready for the final on sunday but mainly for the meme opportunities,mcdonaldscanada_390,1000
the name Chris P just screams main character energy,mcdonaldscanada_391,0
i might be bias but these PJs are the best and u could win a pair urself if u go through the McDâ€™s app ijs,mcdonaldscanada_392,0
i would like u 2 swipe on thru 2 c how u could level up ur sleepytime if u enter the contest thru our app - and lunch is,mcdonaldscanada_393,0
"Did you know that 1.5 million people visited a Food Bank this year? 

Now more than ever, our help is pivotal to those in need, yet money and donation isnâ€™t always feasible for everyone. Thatâ€™s why this year @mcdonaldscanada has put together The Giving Page and has committed to donating up to 500,000 meals to Food Banks Canada.

How you can help, for free it is simple - visit The Giving Page this year and every unique visit to the page = 1 Meal donated. 

So what are you waiting for? 
Click and Share thegivingpage.ca

Together, weâ€™re capable of so much more! 

#TeamMcDs #ad",mcdonaldscanada_394,0
every visit to the link in our bio = a meal donated to a family in need at @foodbankscanada so tell every1 u know,mcdonaldscanada_395,0
@fifaworldcup thank u for the meme-ories,mcdonaldscanada_396,1000
is pie a carb? ,mcdonaldscanada_397,0
i like quality time wbu,mcdonaldscanada_398,100
i dont know who needs to hear this but the new carolina bbq quarter pounder is here and prob not named after ur friend,mcdonaldscanada_399,100
"ok who wants 2 win a trip 2 Negril, Jamaica??? imma need u 2 tag the person uâ€™d take with u on ur trip in the comments,",mcdonaldscanada_400,0
send these to the december bb in ur life who always gets left out bc of the holidays,mcdonaldscanada_401,1000
tell me urs pls,mcdonaldscanada_402,100
Ok Canada... the final game requires undivided attention and @wendelishh asked 2 borrow Grimace after doing so well running this account so Iâ€˜ve loaned my purple buddy out (also bcs my boss was loving the takeover too much i was scared of being replaced),mcdonaldscanada_403,0
"December Drops r here, r u ready? every week uâ€™ll be able to win something incredible (this week its a wearable blanket",mcdonaldscanada_404,0
idk which to pick except im pretty sure it wasnt 2020 bc you knowâ€¦ i just wanted 2 sleep. tell me urs & i might treat,mcdonaldscanada_405,0
Support your national team with your flag,mcdonaldscanada_406,0
the new Candy Cane Fudge McFlurry launched today and is literally the perfect treat to get u in the holiday spirit. yes,mcdonaldscanada_407,100
"itâ€™s not what u can do 4 ur Grimace, its what ur Grimace can do 4 u",mcdonaldscanada_408,0
"those sesame seeds were giving â€œcakeâ€ for sure ğŸ§

ğŸ“¸: @apriljuliancakes",mcdonaldscanada_409,1000
wheres the Big Mac?,mcdonaldscanada_410,1000
dear this guy thank u 4 the meme content,mcdonaldscanada_411,1000
"ok the first Canada game is 2morrow so i am outtie 3000, bt leaving u in some v capable hands i promise #worldcup #fifa #mcdonalds",mcdonaldscanada_412,0
the heart wants what it wants,mcdonaldscanada_413,0
find ur way to the festive cup then tell me how many times you got tripped up. I might treat u for your effort,mcdonaldscanada_414,1000
im pretty sure ive nailed this bizniz jargon thing,mcdonaldscanada_415,1000
sooo I was looking at footage of the Spicy McCrispy and this happenedâ€¦,mcdonaldscanada_416,1000
iâ€™m def too hungry. swipe to see why.,mcdonaldscanada_417,1000
"pitching this 2 my boss, good idea or good idea?",mcdonaldscanada_418,1000
"just out here expanding ur vocab, what have i missed?",mcdonaldscanada_419,1000
"sometimes u need both, u know? these r available in restaurant rn so get urs and lmk how it goes â€“ dms are open.",mcdonaldscanada_420,0
"i tried to pitch spicy content to my boss, this is how it went (itâ€™s in restaurants today ur welcome)",mcdonaldscanada_421,1000
name me something better than a gallery of McDonaldâ€™s related artifactsâ€¦ iâ€™ll wait (but while iâ€™m waiting visit the link to the AR experience in our bio),mcdonaldscanada_422,0
itâ€™s the most wonderful time of the yeaaaaar!!,mcdonaldscanada_423,1000
"i am ready 4 halloween, what r u going as?",mcdonaldscanada_424,0
"tell me ur go-to, post trick-or-treating meal pls",mcdonaldscanada_425,0
PSA! Boo Buckets r officially back and available w every Happy Meal! only from oct 28-30 at participating restaurants. while quantities last.,mcdonaldscanada_426,0
"Mr. Monopoly is on the job, r u (collecting stickers)?",mcdonaldscanada_427,0
have u played Coast to Coast Monopoly yet? if so tell me ur meal in emojis,mcdonaldscanada_428,0
"the vibes are immaculate, which 1 r u?",mcdonaldscanada_429,1000
no need to stay up all night this one drops at lunch time,mcdonaldscanada_430,0
ok i FINALLY got the best dessert hacks on the menu! lemme know which is ur fave?,mcdonaldscanada_431,0
the best of the best are ready for u to try urself tmrw,mcdonaldscanada_432,0
ngl some of these were wild but iâ€™ve got a few faves,mcdonaldscanada_433,0
tell me ur faves n whyâ€¦ GO,mcdonaldscanada_434,0
told u I was serious about ur dessert hacks,mcdonaldscanada_435,0
i just had to share,mcdonaldscanada_436,1000
dust off ur top hat. oct 4th the thrill returns,mcdonaldscanada_437,0
"**CONTEST CLOSED** ğŸš¨GIVEAWAY ALERT ğŸš¨ : this Halloween, Boo Buckets r BACK and u could be one of the first 2 get ur hands on them. For a chance to win* 1 of 2 prize packs including 4 iconic Boo Buckets PLUS a limited edition instant film camera and $100 McDâ€™s gift card follow us and comment below! ğŸ‘»

*No purch. necessary. Oct. 1-8/22. Cdn res. AOM+. 110 First Prizes (instant film camera & Film; 4 Boo Buckets; $100 McDonaldâ€™s Gift Card) (ARV $289.93 ea.) & 200 Second Prizes (4 Boo Buckets & $50 McDonaldâ€™s Gift Card) (ARV $58 ea.). Instagram, TikTok, Twitter or Facebook: (i) ensure account public; (ii) follow official McDonaldâ€™s account; (iii) comment on Contest-related post. Limit 1 entry. Random draw. STQ reqâ€™d. Link to rules in bio.",mcdonaldscanada_438,0
"iâ€™m still trying to figure out how they got the chicken to look so crispy ğŸ§

ğŸ“¸ @apriljuliancakes",mcdonaldscanada_439,1000
and yes i did spend my entire afternoon trying to figure it out,mcdonaldscanada_440,1000
if ur not using the update for nuggies what r u even doing,mcdonaldscanada_441,1000
"some would say the new McCrispy is a masterpiece so.. here u go, a âœ¨masterpieceâœ¨",mcdonaldscanada_442,1000
so this what my teacher meant by â€œu will need this later in lifeâ€,mcdonaldscanada_443,1000
yes im a professional thank u for asking,mcdonaldscanada_444,0
it only took me 3 seconds nbd,mcdonaldscanada_445,1000
"mercury is in retrograde yet again and iâ€™m just here trying to offset the deficit in vibes, anyone else struggling?",mcdonaldscanada_446,0
Summer drink days is extended until September 26th â€“ urrrrrr âœ¨welcomeâœ¨,mcdonaldscanada_447,0
brb ordering 20 PSLs bcs theyre back and im obsessed and thats ok,mcdonaldscanada_448,0
its national dog day so here are some v good boys n girls with some v subtle product placement,mcdonaldscanada_449,1000
the new McCrispy is good. so good we got the experts of crispy (and some third party non-Chris p's) to tell u...,mcdonaldscanada_450,0
"we recruited Chris Ps to try the new crispy chicken sandwich, the McCrispy. now the rest of u can get it (the sandwich,",mcdonaldscanada_451,1000
Chris Pâ€™s reporting for duty ğŸ«¡,mcdonaldscanada_452,1000
consider this my recruitment call for Chris Pâ€™s since our designers on vacation. tag a Chris P to dm me thx,mcdonaldscanada_453,1000
"if u find the hidden message then it means u have to do itâ€¦(until august 22nd, so get on it)",mcdonaldscanada_454,0
"ur sharing this food with ur crush, tag them to let them know",mcdonaldscanada_455,0
wbu?,mcdonaldscanada_456,1000
"u can keep 3, make it make sense",mcdonaldscanada_457,0
the last one can also happen if u eat ur McFlurry too quickly,mcdonaldscanada_458,1000
ok but shall i pout or smile?,mcdonaldscanada_459,0
tag the person these make u think of in the comments (yes u can tag urself),mcdonaldscanada_460,0
itâ€™s wedding szn! r u or is someone u know finally getting married this year after having to cancel or postpone? let me,mcdonaldscanada_461,0
there r two types of peopleâ€¦ which one r u?,mcdonaldscanada_462,0
"little miss is me, i am little miss",mcdonaldscanada_463,1000
"the great debate of 2022. also, weâ€™re still celebrating #NationalFrenchFryDay and thereâ€™s just one week left to get ur free fries! available until July 27, only w the app.

(bc legal: limit one offer per customer. Minimum $1 pre-tax purchase required).",mcdonaldscanada_464,0
happy national ice cream day! all u need is a Vanilla Cone and rn on the app theyâ€™re just $1 + tax.,mcdonaldscanada_465,1000
"wow, that IS awesome #NationalFrenchFryDay",mcdonaldscanada_466,0
personally iâ€™ll be poolside as much as possible but wyd?,mcdonaldscanada_467,0
is this thing back on???,mcdonaldscanada_468,1000
here to start an argument in the comments,mcdonaldscanada_469,0
does anyone know what the buttons are actually for????,mcdonaldscanada_470,0
when i told them the Grand Big Mac was going to â€œbreak the internetâ€ i didnâ€™t mean literally but ok,mcdonaldscanada_471,1000
"a Summer Drink Days appreciation post (and maybe a lil reminder to go try peach passionfruit, idk, iâ€™m not ur mom)",mcdonaldscanada_472,0
itâ€™s the fries dipped in sweet and sour sauce for me thx,mcdonaldscanada_473,0
"happy international dad jokes day, gimme ur best and worst.",mcdonaldscanada_474,1000
"oh, my two favourite things, excuse me while i immediately run to my local McD's",mcdonaldscanada_475,0
what r urs?,mcdonaldscanada_476,0
"ğŸš¨ğŸš¨ğŸš¨ summer lineup headliner announced!! ğŸš¨ğŸš¨ğŸš¨ available for a limited time only! run, donâ€™t walk @kitkatcanada",mcdonaldscanada_477,0
ok so weâ€™ve got a new headliner for the summer line up this yearâ€¦ any guesses?,mcdonaldscanada_478,0
"my answer is ğŸ¤¤, and sometimes ğŸ¤©",mcdonaldscanada_479,0
gotta say... i'm impressed,mcdonaldscanada_480,0
birthday parties and McDonaldâ€™s - name a more iconic duo. 55 years ago we opened our doors for the first time in Canada.,mcdonaldscanada_481,0
"cop the new Strawberry Glazed Li'L Donut, out now. it goes with everything, but that vanilla chai frappe hits diff",mcdonaldscanada_482,0
"Presenting: The Last Straw, an initiative focused on sustainability, and upcycling. When we turned our plastic straws into replicas of our trays, we asked a diverse group of Canadian and Indigenous artists to use the trays as canvases to portray their own styles of art. 

Meet @tierneymilne . Tierney wanted to work on The Last Straw with McDonald's Canada because she believes that times are changing, and that itâ€™s respectful when brands take initiative and attach creative energy to something thatâ€™s not consumption based.",mcdonaldscanada_483,0
k but who made smoothing the wrapper out so satisfying??,mcdonaldscanada_484,0
"what's ur sign, bby?",mcdonaldscanada_485,1000
summer u have permission to start now,mcdonaldscanada_486,0
ur inspo for breakfast tm: itâ€™s what i might call charCUTErie,mcdonaldscanada_487,0
"why does my ootd never look this good? cop the link in bio to try and rock a @peacecollective hoodie as well as @mariephilip's dog does (bonus, it helps support @rmhccanada)",mcdonaldscanada_488,1000
"that's a lot of burgers. thank u for all the restaurant dining, drive-thru snacking, McDelivery munching, and everything in between (yes i'm talking about the @peacecollective Merch - which SURPRISE, weâ€™re extending the sale because you loved them so much). You came through to raise more than $5.7 million in support of @rmhccanada and local childrenâ€™s charities. Click the link in our bio for more details â¤ï¸ğŸ’›
ğŸ“·: @_kelseyscookies",mcdonaldscanada_489,0
#McHappyDay hits different with a soundtrack. have u had ur McHappy Day meal yet? thank u for the support!,mcdonaldscanada_490,0
itâ€™s ESpresso not EXpresso #fyp #McDonalds,mcdonaldscanada_491,0
its not too late to get this âœ¨exclusiveâœ¨ McHappy Day merch by @peacecollective. ,mcdonaldscanada_492,0
"*CONTEST CLOSED* whereâ€™s the positivity? itâ€™s here. today iâ€™m launching the âœ¨Positive Energy Breakfast Clubâœ¨, a club that spreads positive energy all-day (just like our breakfast). weâ€™re kicking off with a contest, and 5 people will win FREE breakfast for a year*. to enter, drop good vibes in the comments and use #PositiveEnergyContest.

 -----

*Open to Cdn res. who have reached age of majority with a public Instagram or public Twitter account. Contest begins at 9 a.m. ET on May 2/22,  and ends May 5/22 at 11:59 p.m. ET. Must follow @mcdonaldscanada on Instagram or Twitter and use #PositiveEnergyContest, or follow @mcdocanada on Instagram and use #ConcoursBonheurDeBonneHeure. Total of 5 prizes avail. each consisting of a McDonaldâ€™s Card awarded in one lump sum of $2,471.05 CAD, subject to the McDonaldâ€™s Card terms and conditions. Limit 1 entry/person, limit 1 prize/person or household address. Odds determined by number of Entries received. Skill-test reqâ€™d. Rules in bio.",mcdonaldscanada_493,1000
mark ur calendars! McHappy Day is May 11th ğŸ‘€ every purchase u make on McHappy Day supports @rmhccanada families across,mcdonaldscanada_494,1000
k but i saved u a fry tho?,mcdonaldscanada_495,0
drop ur order in the comments @rmhccanada,mcdonaldscanada_496,0
"if u haven't picked up ur limited edition McHappy Day merch to support @rmhccanada families across Canada, what r u",mcdonaldscanada_497,0
"when i heard we were doing a merch shoot, u know i had to sneak in and get that EXCLUSIVE behind the scenes look for my besties @rmhccanada",mcdonaldscanada_498,0
DROPS TODAY! peep this limited edition merch line made by @peacecollective exclusively for McHappy Day. available now,mcdonaldscanada_499,0
"Waffle Fries r back for a limited time only starting TOMORROWâ€¦theyâ€™re like fries, but with even more dipability",mcdonaldscanada_500,1000
just a lil sneak peek at what we've been working on for McHappy Day. any guesses? @rmhccanada @peacecollective,mcdonaldscanada_501,0
"the ultimate ultimatums, which one would be a deal breaker for u?",mcdonaldscanada_502,0
that McNugget meal asmr tho,mcdonaldscanada_503,0
u had me at big mac brunch,mcdonaldscanada_504,0
do u know why Grimace chose #71? also let's take a moment to appreciate the kicks,mcdonaldscanada_505,0
aries why r u yelling?,mcdonaldscanada_506,1000
"as a gen z, i donâ€™t really get itâ€¦but millennials i hope u enjoy these!",mcdonaldscanada_507,1000
use it in a sentence pls besties,mcdonaldscanada_508,1000
i don't know who needs to hear this but McDonald's Canada doesn't text,mcdonaldscanada_509,1000
we all have our fav hometown McD's. any guesses where this one is?,mcdonaldscanada_510,0
yes i do want fries w that,mcdonaldscanada_511,0
"the moment before the magic
Grimace shows up at ur pick-up game. wyd?",mcdonaldscanada_512,0
when McDonald's has 2X the points ğŸ‘€ğŸï¸ğŸ’¨ min. $1 pre-tax spend. limited time; CAN only. excludes delivery. app download an,mcdonaldscanada_513,1000
i also wanna know tbh,mcdonaldscanada_514,0
just gonna leave this here. #McDonaldsxRaptors (tap and turn ur phone for the full Grimace experience),mcdonaldscanada_515,0
Big Mac? not without Canadian beef farmers. ,mcdonaldscanada_516,0
did we invent a holiday about bag fries just so we can give u the joy of bag fries? ğŸ‘€â€¦ happy Bag Fry-Day! ğŸŸ  get a free,mcdonaldscanada_517,1000
made some cards for u to send to that one person uâ€™d be willing to share a McNugget with. ,mcdonaldscanada_518,1000
"my new obsession, posting ur fry-art on a fry-day @sweetcreations.vanessa",mcdonaldscanada_519,1000
giving u all the tips for a successful vday,mcdonaldscanada_520,1000
this may be the single most important decision u make in ur life,mcdonaldscanada_521,0
"oh so u DRAW draw. ok, i see u @lilpumpsmith",mcdonaldscanada_522,100
we asked Twitter to name the next McFlurry flavourâ€¦ these r the ones iâ€™m pitching to my boss (not for real),mcdonaldscanada_523,0
"not a wordle, just my usual order",mcdonaldscanada_524,1000
i need ur helpâ€¦ someone has stolen the secret recipe for the Big Mac Sauce and my boss is freaking out. ,mcdonaldscanada_525,0
starting today and for the month of January ur medium coffee or tea is on us! thanks for everything u continue to do to,mcdonaldscanada_526,0
itâ€™s a black-fry event. happy new years besties ,mcdonaldscanada_527,0
"on this page we usually say i'm lovin' it, but i just want to say i'm lovin u. with the year ending, i've been",mcdonaldscanada_528,0
we only bring this dishware out for âœ¨ special âœ¨ occasions... who else took up pottery this year? @annamayday,mcdonaldscanada_529,0
"**CONTEST CLOSED** GIVEAWAY ALERT! we appreciate u, so weâ€™re making 50 ppl #MyMcDonaldsRewards points MILLIONAIRES*",mcdonaldscanada_530,0
"HYPOTHETICALLY...if u had 50 million MyMcDonaldâ€™s Rewards pts given to u by accounting, how would u get rid of them",mcdonaldscanada_531,0
tmrw is national cookie day. never been a better time to embrace cookies @rmhccanada ğŸª ğŸª ğŸª ğŸª ğŸª ğŸª,mcdonaldscanada_532,1000
free McDonald's 101: a presentation. i worked very hard on this,mcdonaldscanada_533,0
cold hands warm fries canâ€™t lose ,mcdonaldscanada_534,0
@manisbymanu__ understood the assignment,mcdonaldscanada_535,0
lets hear what u got,mcdonaldscanada_536,0
"this one goes out to all my indecisive besties, comment urs below",mcdonaldscanada_537,100
...free McDâ€™s (starting today),mcdonaldscanada_538,1000
*CONTEST CLOSED* CONTEST ALERT! hey besties this is just a reminder that weâ€™re giving 150 lucky fans boxes of comfy,mcdonaldscanada_539,0
letâ€™s give a warm welcome to the new MyMcDonaldâ€™s Rewards! starting November 16 u can earn points for free McDonaldâ€™s,mcdonaldscanada_540,0
*CONTEST CLOSED* CONTEST ALERT!!! ğŸš¨ğŸŸ itâ€™s cozy szn and weâ€™re giving away 150 boxes of swag so u can have the McDâ€™s,mcdonaldscanada_541,0
"not all heroes wear capes, they wear top hats while delivering McDâ€™s to u so u can get that last chance to play Monopoly",mcdonaldscanada_542,1000
just some post-halloween McDâ€™s realness for ur TL ,mcdonaldscanada_543,1000
"the fit is scary, the moves...scarier. we spooked a few â€œluckyâ€ people for Halloween, cause spooky szn.",mcdonaldscanada_544,1000
"felt spooky, might delete later (but swipe first)",mcdonaldscanada_545,1000
"asked my friends to draw Ronald McDonald from memory, this was the best of the bunch",mcdonaldscanada_546,1000
my boss wanted me to create content about that show i canâ€™t name bc legal so here u go for ur next McDelivery order,mcdonaldscanada_547,0
this is my permanent face during Monopoly at McDâ€™s szn,mcdonaldscanada_548,1000
fitting in the last outdoor hangs with the pals before it gets too cold to go outside for 8 months,mcdonaldscanada_549,0
thanksgiving got me thinkingâ€¦ is this a bar graph or pie chart? sound off in the comments,mcdonaldscanada_550,1000
futuristic McDâ€™s ğŸ‘½  6 points to the person who names the city where this restaurant is located ğŸ‘‡ (hint: i didnâ€™t crop,mcdonaldscanada_551,0
get peelinâ€™ Canada,mcdonaldscanada_552,1000
like this pic of a Filet-O-Fish so i know ur IG is working,mcdonaldscanada_553,0
"sometimes grimace takes this whip out for a spin, top down of course. 13 points to the first person who names the city",mcdonaldscanada_554,0
McCafÃ© coffee appreciation threadğŸ‘‡  #nationalcoffeeday,mcdonaldscanada_555,0
making this one obvious for u ğŸ²ğŸ©,mcdonaldscanada_556,1000
checking in with an icon on comic book day today .... @retrorebellionco,mcdonaldscanada_557,100
imagine searching â€œMcDâ€™s near meâ€ and u roll up here. 10 points to the first person to name the canadian cities where,mcdonaldscanada_558,100
McDonaldâ€™s but make it âœ¨artâœ¨ ,mcdonaldscanada_559,1000
itâ€™s the McHappiest Day of the year! like this post if ur going to McDâ€™s today #McHappyDay,mcdonaldscanada_560,0
i have it on good authority u can get a free cheeseburger on the mcdâ€™s app (legal tells me i have to tell u itâ€™s for new,mcdonaldscanada_561,1000
every order on McHappy Day supports @rmhccanada and families with sick children. itâ€™s not hard to convince people this,mcdonaldscanada_562,0
"show us ur hearts, besties! when u visit us in restaurant before september 22 and donate $2 to @rmhccanada, weâ€™ll give u",mcdonaldscanada_563,0
prepping for 10-hour study sessions at the library be like,mcdonaldscanada_564,1000
"golden arches, golden hour. 12 points to the first person who names the city where this restaurant is located ğŸ‘‡ ",mcdonaldscanada_565,0
itâ€™s always â€œwydâ€ and not â€œwill u marry me in the mcdâ€™s drive-thruâ€,mcdonaldscanada_566,0
"secure the bag, then the backpack ğŸ’happy frosh week besties!",mcdonaldscanada_567,0
"september new year, new me (so donâ€™t @ me, busy all day)",mcdonaldscanada_568,1000
here to drop some spicy newsâ€¦. Spicy McNuggets are now in Canada ğŸ”¥ğŸ”¥,mcdonaldscanada_569,0
brb adding these pics to a wedding vision board. congrats to Stephanie & Phil and Aline & Aaronâ€”two amazing couples who,mcdonaldscanada_570,0
might retire on monday after i tell u whatâ€™s coming...,mcdonaldscanada_571,0
"happy dog day ğŸ¾ u pull up to the mcDâ€™s counter and this lil guyâ€™s taking ur order, wyd",mcdonaldscanada_572,1000
"milk crate challenge, who u got?",mcdonaldscanada_573,0
sweet summer of â€˜21 photo dumpâ€¦ you could win* a  merch kit like this when you order any Quarter Pounder on the,mcdonaldscanada_574,0
McFlurryPics.jpeg,mcdonaldscanada_575,1000
"a McSummer photo dump: we laughed, we vibed, we stole each otherâ€™s fries",mcdonaldscanada_576,0
"maple, bacon and some sweet new merch! a Maple BBQ & Bacon Quarter Pounder merch kit could be yours. order any Quarter Pounder with the McDonaldâ€™s app for a chance to win.*",mcdonaldscanada_577,1000
"growth is realizing, after a year apart, u miss ur friend stealing your fries #StealMyFries",mcdonaldscanada_578,0
"a match made in McDonaldâ€™s. from aug 17 - sept 6, we're giving away Maple BBQ & Bacon merch kits every week with the",mcdonaldscanada_579,0
whatâ€™s a couple of fries between friends? #StealMyFries,mcdonaldscanada_580,1000
"reading in the park, patiently waiting for someone to fall in love with me",mcdonaldscanada_581,0
when itâ€™s been forever since your friend stole your fries. #StealMyFries,mcdonaldscanada_582,1000
"happy national cat day, comment as ur cat",mcdonaldscanada_583,1000
sunâ€™s out buns out. howâ€™s ur day going?,mcdonaldscanada_584,0
swipe for dark (dock) mode,mcdonaldscanada_585,1000
"couples who have mcdâ€™s picnics together stay together, we donâ€™t make the rules",mcdonaldscanada_586,0
"these menu hackers are playing chess, not checkers",mcdonaldscanada_587,0
"it may be tuesday, but forgetting ur drink on top of ur car has major monday energy",mcdonaldscanada_588,1000
"we asked u to invent a dipping sauce and u deliveredâ€¦ bout to pitch ur ideas to the boss, wish us luck",mcdonaldscanada_589,0
Weâ€™re saying #LoveEveryFry this National French Fry Day - whatâ€™s your fave?,mcdonaldscanada_590,0
welcome to McDonaldâ€™s may I take your order? (hint: itâ€™s gonna be a Grand Big Mac) ğŸ“¸ @beths_meals,mcdonaldscanada_591,0
"Giveaway launched on the McDonaldâ€™s app TODAY. Redeem the $3.49 + tax Happy Meal offer on the app for a chance to win a McDonald's x SPACE JAM: A NEW LEGACY adult jersey. No purch reqd. Cdn residents (excl. Quebec), 13+. Ends 7/12/21. Random draw. Link to contest rules in bio.

SPACE JAM: A NEW LEGACY is in theatres and available to rent at home July 16.",mcdonaldscanada_592,0
passed class and the vibe check. congrats @maisha.19 and all 2021 grads ğŸ‰,mcdonaldscanada_593,1000
"McDonaldâ€™s app 07.06.21 ğŸ‘€
SPACE JAM: A NEW LEGACY is in theatres and available to rent at home July 16",mcdonaldscanada_594,0
"ok chefs, go off",mcdonaldscanada_595,0
Nobody puts the Grand Big Mac in a box...except for our crew...at the restaurant,mcdonaldscanada_596,0
Dad fit or dad fiiiiiiit? Share your dadâ€™s iconic fit with us for Fatherâ€™s Day - we wanna see if our socks match his,mcdonaldscanada_597,0
weâ€™ve gone big but we think we can go biggerâ€¦ ğŸ‘€,mcdonaldscanada_598,1000
bestie im copping these. get em while theyâ€™re hot in Weverse Shop: [link in bio],mcdonaldscanada_599,0
BTS x McD saucy collection drops 6.16,mcdonaldscanada_600,1000
"Prom may be a no-go, but you can still tell someone that theyâ€™re the ğŸ” to your ğŸŸ. If youâ€™re doing a not-promposal this m",mcdonaldscanada_601,1000
"Class of 2021, itâ€™s your time to celebrate - even if you have to get a little creative this year. Let us know how you",mcdonaldscanada_602,1000
[McD x BTS Logo Collection Drop],mcdonaldscanada_603,0
"We may be celebrating differently again this year, but weâ€™re always celebrating love. Happy Pride to our guests, crew, and all of Canada.",mcdonaldscanada_604,0
So...backyard camping has its perks. Happy weekend everyone!,mcdonaldscanada_605,0
"Itâ€™s National Hamburger Day, so donâ€™t get fooled (again).",mcdonaldscanada_606,0
BTS Meal is here are u on the way yet,mcdonaldscanada_607,0
see u at the drive-thru,mcdonaldscanada_608,0
BTS x McD: Jung Kook the Golden Maknae meets the Golden Arches,mcdonaldscanada_609,1000
BTS x McD: V looking vvv fresh,mcdonaldscanada_610,1000
"BTS x McD: Jimin feelin cool, might keep this forever",mcdonaldscanada_611,1000
BTS x McD: j-hope asked u to dance,mcdonaldscanada_612,1000
BTS x McD: nothing sweeter than SUGA,mcdonaldscanada_613,1000
"BTS x McD: Jin checking in, still handsome",mcdonaldscanada_614,1000
BTS x McD: would u share a fry with RM?,mcdonaldscanada_615,1000
BTS Meal drops 5.26...swipe to guess whoâ€™s who ğŸ‘€ğŸ’œ,mcdonaldscanada_616,0
"ğŸš¨ğŸš¨ğŸš¨ This is not a drill ğŸš¨ğŸš¨ğŸš¨
The highly coveted Smarties McFlurry is coming out of the vault and back to McDonaldâ€™s today.",mcdonaldscanada_617,0
"Donâ€™t worry mom, this is a safe space ğŸ¤«. Whatâ€™s your Motherâ€™s Day McConfession?",mcdonaldscanada_618,1000
u decide which one is spicier on 5.26 ğŸ”¥,mcdonaldscanada_619,0
The nightâ€™s best dressed award goes to... ğŸ’…ğŸ† // ğŸ“¸: @briony,mcdonaldscanada_620,0
there's levels to this.,mcdonaldscanada_621,1000
Dropping this May: The BTS Meal.,mcdonaldscanada_622,1000
ğŸ’¥Daily Deal Drops lands tomorrow ğŸ’¥ For the next 21 days check the McDonaldâ€™s app to get in on exclusive deals for all,mcdonaldscanada_623,0
"We'll do good, promise ğŸ˜‰",mcdonaldscanada_624,0
Weâ€™re finally making the switch to the ğŸ‡¨ğŸ‡¦ metric system: say hello to the 1/9th Kilogrammer.,mcdonaldscanada_625,0
"Howâ€™s this for a wake-up call? â˜€ï¸
You can order ahead and pay through the McDonaldâ€™s app, then pick up using Curbside Service at your nearest McDonaldâ€™s! Your roommates will owe you one ğŸ˜‰. Start by downloading the McDonaldâ€™s app today.",mcdonaldscanada_626,0
We were just flipping through some old scrapbooks. Wow look what we found - throwback!! ğŸ¥šğŸ¥šğŸ¥š,mcdonaldscanada_627,0
Enter Grimace. ğŸ‘ğŸ‘„ğŸ‘,mcdonaldscanada_628,1000
"Itâ€™s Employee Appreciation Day and we â¤ our crew, so we asked them how they eat their McDonaldâ€™s ğŸ˜‹",mcdonaldscanada_629,0
"The many phases...and faces of Spice Face ğŸ”¥ğŸ”¥ğŸ”¥

What will your #SpicyMcChickenChallenge look like? ğŸ¥µ",mcdonaldscanada_630,1000
"Planning dinner is a breeze with the McDonaldâ€™s app! Save everyone's faves in the app, order at the push of a button, and pick up using Curbside Service. 

Just download the McDonaldâ€™s app today ğŸ“²",mcdonaldscanada_631,0
"@celinaspookyboo tries the ğŸ”¥SZECHUANğŸ”¥ McChicken.
Conclusion: It's a zinger BUDS ğŸ˜…
#SpicyMcChickenChallenge #SpiceFace",mcdonaldscanada_632,0
You know the saying... The quickest way to someone's heart is with nuggets ğŸ¥°,mcdonaldscanada_633,0
Itâ€™s getting hot in hereâ€¦ #SpiceFace is back ğŸ”¥,mcdonaldscanada_634,0
"Itâ€™s National Pizza Day, so weâ€™re reminiscing on an old fav. Who remembers the McPizza? ğŸ˜

#PizzaDay",mcdonaldscanada_635,0
"Our crew doesnâ€™t only serve up food and smiles, theyâ€™re also super âœ¨talentedâœ¨ people.",mcdonaldscanada_636,0
First person to make us reveal the answer gets a free Big Mac Bacon ğŸ”,mcdonaldscanada_637,0
"With help from our restaurant owners in communities across Canada, weâ€™re proud to make a donation that will provide",mcdonaldscanada_638,0
"Thanks for participating! This contest is now closed. Check out our Instagram page on December 23 for a chance to win* a McDonaldâ€™s prize pack. Open to Canadian residents, 13+. Contest details in bio.

I guess we really did it to them ğŸ˜‚.@jaerichards & @treyrichards are struggling to see eye to eye. Make sure to check in with your friends for such tough and tasty decisions. Plus, comment below with the delicious deal you would vote for before midnight ET today and get a chance to win* 1 of 2 McDonaldâ€™s prize packs featuring a 400 piece fry puzzle for your festive season.

*Open to Cdn res. 13+ with public Instagram. 3 Entry Periods Dec 15, 19 & 23, 11:30am-11:59:59pm ET. Must follow @mcdonaldscanada or @mcdocanada. Total of 6 prizes avail., 2 per Entry Period (ARV $21.76-$50.47/ea). Random draw. Skill-test reqâ€™d. Link to rules in bio",mcdonaldscanada_639,0
"Thanks for participating! This contest is now closed. Check out our Instagram page on Dec 19 for a chance to win* a McDonaldâ€™s prize pack. Open to Canadian residents, 13+. 

@jaerichards & @treyrichards are faced with a McChickenğŸ”¥ or the Quarter PounderğŸ”¥dealğŸ¤”. The cheese was their deciding factor. Will it be yours?  Plus, comment below with the delicious deal you would vote for before midnight ET today and get a chance to win* 1 of 2 McDonaldâ€™s prize packs featuring a Fry Fleece Blanket for your festive season.

*Open to Cdn res. 13+ with public Instagram. 3 Entry Periods Dec 15, 19 & 23, 11:30am-11:59:59pm ET. Must follow @mcdonaldscanada or @mcdocanada. Total of 6 prizes avail., 2 per Entry Period (ARV $21.76-$50.47/ea). Random draw. Skill-test reqâ€™d. Link to rules in bio.",mcdonaldscanada_640,0
"@jaerichards & @treyrichards are both faced with their toughest decisions yet...but what WILL they choose ğŸ¤”? Find out by playing Deal or Deal from Dec. 14-24 on the McDonaldâ€™s app. PLUS, watch our Instagram page for merch drops between December 15-23 for a chance to win* a McDonaldâ€™s prize pack. Link to rules in bio. #DealOrDeal
 
*Open to Cdn res. 13+ with public Instagram. 3 Entry Periods Dec 15, 19 & 23, 11:30am-11:59:59pm ET. Must follow @mcdonaldscanada or @mcdocanada. Total of 6 prizes avail., 2 per Entry Period (ARV $21.76-$50.47/ea). Random draw. Skill-test reqâ€™d. Link to rules in bio",mcdonaldscanada_641,0
"Uber Eats and Dan Levy are giving back to Ronald McDonald House Charities this holiday season ğŸ’›

Whatâ€™s your reason for loving the festive season? Asking for a friend...

Whether itâ€™s a quirky holiday tradition or a heartwarming tear jerker, or that knock on the door when you know itâ€™s your McDelivery order - @instadanjlevy himself wants to hear from you! Share your reason with us below, and rumour has it Dan will be watching (and maybe even replying to his favourites ğŸ‘€).",mcdonaldscanada_642,0
"If you canâ€™t share hugs, #ShareSomeCookie ğŸ’›. Our cookies are available through McDelivery, so send them to someone special and support @RMHCCanada* today.

*A portion of the proceeds from the sale of RMHCÂ® Cookies helps families staying at Ronald McDonald Houses and Ronald McDonald Family Rooms across Canada.",mcdonaldscanada_643,0
âš ï¸ Our Quarter Pounder with Cheese has been flagged as too delicious.,mcdonaldscanada_644,1000
âœ… Bright lights,mcdonaldscanada_645,0
"Fill up your tank on us! ğŸš—
Win a $500 Esso â„¢ I Mobil â„¢ Gift Card with #MonopolyAtMcDs",mcdonaldscanada_646,0
Coming soon to a door near you. #BringHalloweenHome October 29-31 ğŸƒ,mcdonaldscanada_647,0
Weâ€™re cheering on the @raptors. Are you? Show us your wave using @mcdonaldscanada and keep it going all the way to the bubble. #LetsGoRaptors,mcdonaldscanada_648,0
What ice cold #SummerDrinkDays beverage will you pair with your fries?,mcdonaldscanada_649,0
"That's a sweep ğŸ§¹. Congrats on a perfect first round Raps, we'll see you in round 2. #LetsGoRaptors",mcdonaldscanada_650,0
"Summer Drink Days are back! Enjoy any-size fountain fave, or a medium McCafÃ© Iced Coffee for just $1 plus tax, or a medium Minute Maid Slushie, a small Iced FrappÃ©, or a small Real Fruit Smoothie for just $2 plus tax. ğŸŒ 
Conditions apply. See participating restaurants or http://McD.to/6177Gzanv for details. Excludes delivery.",mcdonaldscanada_651,0
"Time fries when youâ€™re with your friends. Through all the study sessions and well-deserved study breaks, you did it!",mcdonaldscanada_652,0
Happy Fatherâ€™s Day to all the da da da dadas! ğŸ¶,mcdonaldscanada_653,1000
"As you get back to enjoying the things you love, we know you still want to be careful. We do too. With Safety+, weâ€™re continuing to prioritize the health and well-being of our guests and crew. Here are just a few of measures weâ€™re taking.",mcdonaldscanada_654,0
Way to go Canada! Your love of our World Famous Fries helped us raise over $1.1M for the Canadian Red Cross during,mcdonaldscanada_655,0
"To our Canadian frontline healthcare workers and emergency services personnel, weâ€™re proud to have served you over 2.7",mcdonaldscanada_656,0
"To our guests, employees and the communities we serve: We will continue to listen, learn and work to make sure our",mcdonaldscanada_657,0
"We are heartbroken by the injustice around the world, and join our American colleagues to stand in solidarity with Black communities everywhere. â£
â£
We will continue to make sure our restaurants, and the actions of our entire organization bring people together. We continue to listen, learn and are committed to fostering safe and inclusive Canadian communities.",mcdonaldscanada_658,0
Some â€œDockside Serviceâ€ for those who serve. Our restaurant team on the east coast made a special delivery to 300,mcdonaldscanada_659,0
#FriesForGood Helping continue our unwavering support for Canadian potato farmers while making a positive impact on their business.,mcdonaldscanada_660,0
"To all the Moms, we hope you get some time to take a little break today. Just like Joeyâ€™s mom, Lilly - you deserve it!",mcdonaldscanada_661,0
"As part of your community, the health and well-being of you and our crew is our top priority. So weâ€™re going the extra mile by adding Drive-Thru screens and masks for crew. This is on top of the other measures weâ€™ve taken to help keep everyone protected. We hope this helps make you feel reassured about coming by for the classics you love. Because we could all use a little break right now.",mcdonaldscanada_662,0
"A message from John Betts, McDonaldâ€™s Canada President & CEO:â£â£
â£
Over the past few weeks, Iâ€™ve been inspired by the many ways Canadians are taking care of each other during this extraordinary time. The outpouring of support for frontline workers, the elderly, our neighbours and communities is unlike anything Iâ€™ve ever seen. Itâ€™s these positive and uplifting stories that give me confidence that our future is secure as we work together to overcome this crisis.â£â£
â£
I want to thank our franchisees and restaurant teams across the country for continuing to serve Canadians and supporting their communities in amazing ways. While so much has changed in the last few weeks, itâ€™s reassuring to know that some things are still the same. Our commitment to the communities we serve is unwavering â€“ weâ€™re proud to continue serving Canadians our classic menu at a time when affordability and convenience matter most. This video really sums it up.â£â£
â£
Thank you for making us part of your day, and we look forward to serving you soon.â£â£
Visit www.mcdonalds.ca for more information.",mcdonaldscanada_663,0
"Thank you to those working to keep our communities together. Together with franchisees, crew, and suppliers, we hope to",mcdonaldscanada_664,0
"To our health care workers and emergency services personnel, we canâ€™t thank you enough for your efforts. Your medium McCafÃ© Premium Roast Coffee or Tea is on us. 
Available in drive-thru at participating restaurants in Canada.",mcdonaldscanada_665,0
A letter to our guests across Canada.,mcdonaldscanada_666,0
So close you curd almost taste it. ğŸ‘…,mcdonaldscanada_667,0
Extra day in the year means extra fries right? #LeapYear ğŸ™ˆ,mcdonaldscanada_668,0
"If you bring the feast, whoâ€™s hosting? Tag them below! ğŸ‘‡",mcdonaldscanada_669,0
A perfect pairing too delicious for one frame.,mcdonaldscanada_670,0
"Itâ€™s that #Fryday feeling, you know? ğŸŸğŸ˜Š",mcdonaldscanada_671,0
"When it comes to McNuggets, whoâ€™s team Hot Mustard Sauce? Let us know below! ğŸ‘‡",mcdonaldscanada_672,0
"Just when you thought our fries couldnâ€™t get any betterâ€¦ enter, ğŸŒŸpoutineğŸŒŸ.",mcdonaldscanada_673,0
Warning: please do not attempt to adjust your screen. It really is as delicious as it seems,mcdonaldscanada_674,0
"With so much going on this weekend ğŸ“º, you make sure the PVR is working, and weâ€™ll make sure the crew is fed. Did",mcdonaldscanada_675,0
Itâ€™s pretty cold out. â›„ Swipe ğŸ‘‰  to defrost without the cost of a vacation ğŸ›«ğŸŒ´,mcdonaldscanada_676,0
Anything is possible with your favourites by your side. ğŸ˜‹,mcdonaldscanada_677,0
Big Mac? ğŸ¥“,mcdonaldscanada_678,0
"Swipe ğŸ‘‰ to unwrap the big game with us, today at noon ET. #letsgoraptors",mcdonaldscanada_679,0
This one ğŸ‘† you can open early,mcdonaldscanada_680,0
"ğŸµDeck the halls with Chicken McNuggets, fa la la la la la la la la! ğŸµ",mcdonaldscanada_681,0
ğŸ¶ ğ˜ğ˜µ'ğ˜´ ğ˜£ğ˜¦ğ˜¨ğ˜ªğ˜¯ğ˜¯ğ˜ªğ˜¯ğ˜¨ ğ˜µğ˜° ğ˜­ğ˜°ğ˜°ğ˜¬ ğ˜¢ ğ˜­ğ˜°ğ˜µ ğ˜­ğ˜ªğ˜¬ğ˜¦ ğ“…ğ‘œğ“Šğ“‰ğ’¾ğ“ƒğ‘’ ğŸ˜ğŸ¶,mcdonaldscanada_682,0
"When someone asks you whatâ€™s on your wishlist, just show them this. ğŸŸğŸ",mcdonaldscanada_683,0
Holiday Cheers! â˜•,mcdonaldscanada_684,0
Whoâ€™s on your shopping list? ğŸ¤”,mcdonaldscanada_685,0
Three. Dollar. Big Mac. Now until December 16th. ğŸ” #TheClassicsRemastered,mcdonaldscanada_686,0
"Breakfast, Lunch, or Dinner? Let us know! ğŸ‘‡",mcdonaldscanada_687,0
Up close and personal with your favourites. ğŸ”ğŸ˜‹,mcdonaldscanada_688,0
"Whether your team wins or loses, you can always count on McNuggets.",mcdonaldscanada_689,0
"Is it #Fryday yet? Oh, it is? Excellent. ğŸŸğŸ˜‹",mcdonaldscanada_690,0
Nick Nurse is upping our sear stats. Stronger sear. Better Big MacÂ®.#LetsGoRaptors,mcdonaldscanada_691,0
"The rule of three states things are more satisfying in groups of threes. This also applies to friends, Big Macs, and",mcdonaldscanada_692,0
Coach is upping our sauce stats. Now with 50% more Big MacÂ® sauce*. #LetsGoRaptors,mcdonaldscanada_693,0
"Whether youâ€™re hosting or visiting friends, the essentials are always appreciated.",mcdonaldscanada_694,0
Guaranteed way to make good food even better? Good company.,mcdonaldscanada_695,0
Keys to the game: Stronger sear. Better Big MacÂ®. #LetsGoRaptors,mcdonaldscanada_696,0
".
ğŸ”¥ğŸ”¥ğŸ”¥ğŸ”¥ğŸ”¥
ğŸŸğŸŸğŸŸğŸŸğŸŸ
âš¡âš¡âš¡âš¡âš¡",mcdonaldscanada_697,0
Big MacÂ® with the sauce over. Now with 50% more Big Mac sauce*. #LetsGoRaptors,mcdonaldscanada_698,0
Rep the Raps. Dress like a Big MacÂ®. #LetsGoRaptors,mcdonaldscanada_699,0
A good coach can change a game. A great coach can change a burger. #LetsGoRaptors,mcdonaldscanada_700,0
Introducing the Surprise #HappyMeal. Weâ€™re bringing back iconic toys for a limited time to celebrate the 40th anniversary of Happy Meal! Which are you most excited for? ğŸŠ ğŸŸ,mcdonaldscanada_701,0
"Just like buns around patties, temptation got a vice-like grip of Simonâ€™s stomach and made him commit the unthinkable",mcdonaldscanada_702,0
"Whether youâ€™re celebrating big things, little things, or the in-between things, weâ€™ll be there! ğŸ‰ğŸ”",mcdonaldscanada_703,0
Proud sponsor of the Raptors 25th season.,mcdonaldscanada_704,0
"There are so many things to celebrate in October, including #NationalSeafoodMonth! Treat yourself to a Filet-O-Fish",mcdonaldscanada_705,0
"â€œWe always peel together - itâ€™s romantic and lucky. I mean we are each otherâ€™s lucky charms so it only makes sense to do it as a team!â€ So, how do you peel?",mcdonaldscanada_706,0
What are you reaching for first? ğŸ¤”,mcdonaldscanada_707,0
Thereâ€™s McMuffin better than this. ğŸ˜‰,mcdonaldscanada_708,0
"Weâ€™re thankful for friends, sharing, and McNuggets.",mcdonaldscanada_709,0
You autumn know how to picnic in fall. ğŸ‚ğŸ˜‹,mcdonaldscanada_710,0
Swipe ğŸ‘‰ for some Friendsgiving inspo. ğŸ‚ğŸ§¡,mcdonaldscanada_711,0
Slow-mo syrup drizzle to bless your timeline. ğŸ¥ğŸ˜‹,mcdonaldscanada_712,0
Who takes the ğŸ†in the McNugget Sauce Showdown? ğŸ’›â¤ï¸ğŸ’š,mcdonaldscanada_713,0
"""I always go for the triple play: Big Mac, Large Fries and Large Soft Drink. I figure, combo up and triple your chances of winning, plus I get all my favourites so itâ€™s really a win win."" So, how do you peel?",mcdonaldscanada_714,0
The most ğ¢ğœğ¨ğ§ic lunch ever?,mcdonaldscanada_715,0
Fall is all about freshness. ğŸ˜ŠğŸ¥—,mcdonaldscanada_716,0
Big Macs as far as the eye can see.,mcdonaldscanada_717,0
Some pop-up ads are better than others.,mcdonaldscanada_718,0
"*opens search bar, types â€œglamour shots of Big Macâ€ hits enter* ğŸ”ğŸ¤©",mcdonaldscanada_719,0
"Want #EvenMore? Get a FREE cheeseburger Sept 18-24, only with the My McDâ€™s app. Minimum $1 pre-tax purchase required. At participating restaurants in Canada. Happy #NationalCheeseburgerDay!",mcdonaldscanada_720,0
Threeâ€™s company. ğŸ˜‰ğŸŸ,mcdonaldscanada_721,0
"When youâ€™re hungry, everythingâ€™s a reminder.",mcdonaldscanada_722,1000
First rule of hiking: always pack a snack for the trail. ğŸŸğŸƒ,mcdonaldscanada_723,1000
"Chill, relax and reeses-set your batteries. ğŸ˜‰",mcdonaldscanada_724,0
"Curd you move over, youâ€™re blocking the view. ğŸ‘€",mcdonaldscanada_725,0
We literally light up during #SummerDrinkDays. ğŸ¥¤ğŸ˜,mcdonaldscanada_726,0
Fresh air and fresh fries. What more do you need? McNuggets? We have those too!,mcdonaldscanada_727,0
Our delicious Strawberry Baked Pies are best enjoyed with a view. ğŸ“,mcdonaldscanada_728,0
"Hot, crispy, and golden: the recipe for a perfect beach day.ğŸ˜",mcdonaldscanada_729,0
Your official summer fuel. #SummerDrinkDays,mcdonaldscanada_730,0
"Yes, we deliver here too! #McDelivery",mcdonaldscanada_731,0
"We know you want to scream about it, but itâ€™s hot out and itâ€™ll melt so just dig in already!ğŸ¦ğŸ”¥",mcdonaldscanada_732,0
Reel in one thatâ€™s thiiiiiiiiis big. ğŸ£ğŸ˜‹,mcdonaldscanada_733,0
One for every day of the week!,mcdonaldscanada_734,0
Unbox your favourites! ğŸ˜Š,mcdonaldscanada_735,0
The perfect summer duo.,mcdonaldscanada_736,0
Breakfast? Lunch? Afternoon snack? Weâ€™ve got you covered! ğŸ˜€ ğŸ¥¯,mcdonaldscanada_737,0
Dreaming of fries for #NationalFrenchFryDayğŸŸ? Hereâ€™s your soundtrackâ€¦,mcdonaldscanada_738,1000
We thought this would look good on the grid. ğŸŸ Happy #Fryday!,mcdonaldscanada_739,0
"Want the #McFlurryTruck at YOUR event? Submit a comment or video telling us why you want us to come to your event this summer and you could win a McFlurry Truck experience for you and your crew. *Subject to event requirements. Must be age of majority resident of Canada (excluding Northwest Territories, Nunavut and Yukon). See link in bio for Contest Rules.",mcdonaldscanada_740,0
ğ•”ğ• ğ• ğ• ğ•¤ğ•¦ğ•ğ•ğ•–ğ•£! Have you seen our refreshing new GIF stickers? Search â€œSummerDrinkDaysâ€ in the GIF search.,mcdonaldscanada_741,0
"Want the #McFlurryTruck at YOUR event? Submit a comment or video telling us why you want us to come to your event this summer and you could win a McFlurry Truck experience for you and your crew. *Subject to event requirements. Must be age of majority resident of Canada (excluding Northwest Territories, Nunavut and Yukon). See link in bio for Contest Rules.",mcdonaldscanada_742,0
"Plesse excyse thw spelking mostakes, eatung a cone and typong wit one hamd is prettu hjard.ğŸ¦ğŸ˜‹ #BecauseCones",mcdonaldscanada_743,0
Cheers to Summer...Drink Days! ğŸ¥¤â˜€,mcdonaldscanada_744,0
"Celebrating everything red, white, and golden today! Happy Canada Day! ğŸ‡¨ğŸ‡¦",mcdonaldscanada_745,0
Swipe ğŸ‘‰ for cookies! ğŸª,mcdonaldscanada_746,0
Whoâ€™s the hashbrown to your McMuffin? Tag them in the comments!ğŸ‘‡,mcdonaldscanada_747,0
"We have supported LGBTQ2I+ employees and guests in our restaurants for years. This year, we did something special to kick off Pride festival season in Canada and make our support and celebration of diversity even more visible. We proudly serve everybody! #LoveisLove #PRIDE2019",mcdonaldscanada_748,0
The odds are stacked in our flavour. ğŸ˜‹,mcdonaldscanada_750,0
Proudly serving everyone!,mcdonaldscanada_751,0
Tag your dinner date in the comments.ğŸ‘‡,mcdonaldscanada_752,0
"Fun fact: the fish from the Filet-O-Fish you know and love is sourced from @mscbluefish certified fisheries, meaning you",mcdonaldscanada_753,0
Hereâ€™s to (almost) the first day of summer! â›±ï¸â˜€ï¸ #SummerDrinkDays,mcdonaldscanada_754,0
Embrace the ğ“¼ğ”€ğ“®ğ“®ğ“½ with the ğ˜´ğ˜°ğ˜¶ğ˜³.,mcdonaldscanada_755,0
McNuggets on ğŸ” of the world. Whatâ€™s next? Thanks to @hannaraem for this incredible image.,mcdonaldscanada_756,0
Look familiar? #DadTax,mcdonaldscanada_757,0
Weekend plans? Youâ€™re looking at them. ğŸ”ğŸ˜,mcdonaldscanada_758,0
"Now that the Raptors have brought the gold North, we can too. Congrats on a historic season! #LetsGoRaptors #NBAChampions",mcdonaldscanada_759,0
"Meet our new Banana Mango Pineapple McCafÃ© Real Fruit Smoothie, aka sunshine in a cup. Just like summer, itâ€™s only here",mcdonaldscanada_760,0
How about we visit you for a change? ğŸšªğŸŸ #McDelivery,mcdonaldscanada_761,0
"Whenâ€™s the best time to enjoy hotcakes: A) breakfast, B) lunch C) dinner or D) all day? Let us know in the comments! ğŸ¥",mcdonaldscanada_762,0
Another Raps win against our arch rival means another Arch added. #LetsGoRaptors #NBAFinals #Game4,mcdonaldscanada_763,0
Golden fries + ketchup = instant happiness. ğŸŸğŸ˜ #Fryday,mcdonaldscanada_764,0
"For every Raps win against our arch rival, weâ€™ll add an arch of our own. #LetsGoRaptors #NBAFinals",mcdonaldscanada_765,0
"Unlike the Raps, our arches arenâ€™t currently in a golden state. #Roadtrip #LetsGoRaptors #NBAFinals #Game3",mcdonaldscanada_766,0
Weâ€™re sensing a pattern here. ğŸ˜ğŸª #ShareSomeCookie,mcdonaldscanada_767,0
"Honey, weâ€™re home! ğŸ¯ğŸ˜‰",mcdonaldscanada_768,0
Zoom in on freshness. Any guesses on which of our delicious salads this is? ğŸ¤”ğŸ¥—,mcdonaldscanada_769,0
"A McGriddle riddle: whatâ€™s sweet and savoury and always hits the spot? Weâ€™ll give you a clue, itâ€™s found somewhere in",mcdonaldscanada_770,0
"Call that a loose fry, cuz we got one in the bag. #LetsGoRaptors",mcdonaldscanada_771,0
"In support of the Raps, our arches are no longer in a golden state. #LetsGoRaptors #NBAFinals",mcdonaldscanada_772,0
Joy at your fingertips.,mcdonaldscanada_773,0
"Whatever your breakfast craving, weâ€™ve got you covered.",mcdonaldscanada_774,0
Case of the Mondays? Not with a McMuffin in your hands.,mcdonaldscanada_775,0
"The gangâ€™s all here, dig in!",mcdonaldscanada_776,0
Any day can be a #Fryday! ğŸŸğŸ’,mcdonaldscanada_777,0
Share cookies? If you insist! Tag your cookie crew below! ğŸ‘‡,mcdonaldscanada_778,0
Stir up some fun today. ğŸŒ€,mcdonaldscanada_779,0
Who are you sharing these with? Tag your #Fryday gang below! ğŸŸğŸ‘‡,mcdonaldscanada_780,0
Canâ€™t decide between a brownie and cookie? Weâ€™ve got you covered with the new RMHC Brownie Cookie! ğŸª @rmhccanada,mcdonaldscanada_781,0
"Home or away, send your mom some love this Mother's Day with delicious, soft & chewy RMHC Cookies with McDelivery. With her permission, screenshot your momâ€™s reaction and DM it to us for a chance to be featured in our story. Link in bio. #ShareSomeCookie ğŸª",mcdonaldscanada_782,0
"No matter the forecast, our #Fryday is looking golden. ğŸŸğŸ˜",mcdonaldscanada_783,0
Anyone else still all smiles after #McHappyDay? ğŸ˜€,mcdonaldscanada_784,0
"Some people say to reach for the stars, but we always reach for a cheeseburger. ğŸ”",mcdonaldscanada_785,0
Inspiration comes in many forms. Our favourite is the McChicken.,mcdonaldscanada_786,0
May we suggest some hashbrowns today?,mcdonaldscanada_787,0
Itâ€™s getting cheesy! Swipe right for more. ğŸ˜ ğŸ§€,mcdonaldscanada_788,0
McDelivery can be the best study buddy.,mcdonaldscanada_789,0
@abrianneats definitely knows how to lunch. ğŸ˜ Thanks for capturing.,mcdonaldscanada_790,0
Think Ì·oÌ·uÌ·tÌ·sÌ·iÌ·dÌ·eÌ·  inside of the box. #Fryday,mcdonaldscanada_791,0
Easter Monday done right! #AllDayBreakfast,mcdonaldscanada_792,0
Hosting Easter brunch likeâ€¦ ğŸ’â€â™‚ï¸,mcdonaldscanada_793,0
Looking for tasty BLT acronyms. Hit us with your best. ğŸ‘‡ğŸ¼,mcdonaldscanada_794,0
Did someone order Chicken McNuggets delivered right to their timeline?,mcdonaldscanada_795,0
Blow their minds with a Bagel Happy Meal and the amazing Discovery Robots! #MindBlown,mcdonaldscanada_796,0
"â€œThis iconic McDonaldâ€™s restaurant is well-known to anyone in the Quebec city area, with its unique architecture",mcdonaldscanada_797,0
We only pack the essentials. #Fryday,mcdonaldscanada_798,0
Our kind of unboxing video,mcdonaldscanada_799,0
"â€œIt was a blast visiting one of Canada's iconic McDonald's locations in London, ON--the second to open in Canada! This",mcdonaldscanada_800,0
Who has ever put fries on their charcuterie board? âœ‹,mcdonaldscanada_801,0
Swipe right for a dip ğŸŸ #Fryday,mcdonaldscanada_802,0
â€œTook a trip to Richmond BC to check out the first ever McDonaldâ€™s in Canada because I had to see the giant arches for,mcdonaldscanada_803,0
"You asked, we listened! Introducing: McNugget Singles.",mcdonaldscanada_804,0
Weâ€™re tickled pink at the prospect of a McChicken.,mcdonaldscanada_805,0
â€œDid you know the drive-thru at the Moose Jaw McDonald's is styled after a converted barn?! How amazingly Saskatchewan,mcdonaldscanada_806,0
We know youâ€™re just here for instant gratiFRYcation. So here you go. #Fryday,mcdonaldscanada_807,0
"â€œBig MacğŸ”, Fries ğŸŸ , Coffee â˜•ï¸ and Popâ£ ğŸ¥¤â€œ by @vancityfamily2018",mcdonaldscanada_808,0
"Afternoon tea, for you and for me.",mcdonaldscanada_809,0
"Weâ€™re picking up what youâ€™re poutine down. Sorry, that was cheesy.",mcdonaldscanada_810,0
All eyes on these french fries. Happy #Fryday! ğŸŸ,mcdonaldscanada_811,0
Whatâ€™s for dinner? Whatever springs joy!,mcdonaldscanada_812,0
"â…“ lb of juicy, 100% Canadian Angus beef.",mcdonaldscanada_813,0
The perfect St. Patrickâ€™s Day parade ğŸ€,mcdonaldscanada_814,0
Thereâ€™s McMuffin better than this.,mcdonaldscanada_815,0
Curd this get any better?,mcdonaldscanada_816,0
#McCafeBagel Chart,mcdonaldscanada_817,1000
Did you know? Every RMHC Cookie you buy helps families with sick children stay together. #ShareSomeCookie. Image by,mcdonaldscanada_818,0
"If youâ€™re wondering how this Egg McMuffin found its way to this couch, the answer is McDelivery.",mcdonaldscanada_819,0
Gloves will keep you warm but so will fries ğŸ™ƒ,mcdonaldscanada_820,0
Tag your Sunday Brunch buddy.,mcdonaldscanada_821,0
"We love the Canadian winter because it keeps fountain drinks cold. ğŸ˜‰ Oh, and also because of the wonderful scenery!",mcdonaldscanada_822,0
Cause everyone deserves McNuggets. ğŸ˜‰,mcdonaldscanada_823,0
Did we catch your eye? ğŸ¤¤,mcdonaldscanada_824,0
A hot cup of McCafÃ© helps me with _____.,mcdonaldscanada_825,0
Have an ice day! ğŸ¦â„,mcdonaldscanada_826,0
McNuggets for @ _____. Snowballs for @ ______. Sorry!,mcdonaldscanada_827,0
Snow calls for skating & sipping. Whatâ€™s your drink of choice?,mcdonaldscanada_828,0
Share some love by tagging the person youâ€™d crumble without. ğŸª#ValentinesDay,mcdonaldscanada_829,0
*saxophone music* ğŸ·,mcdonaldscanada_830,0
Swipe for a better look at your Valentineâ€™s Day plans.,mcdonaldscanada_831,0
Staying warm is easy with these two ğŸ”ğŸŸ,mcdonaldscanada_832,0
"Cold hands, warm heart. ğŸŸâ¤",mcdonaldscanada_833,0
Super spread for a super game! ğŸ¥¤ğŸŸğŸ”,mcdonaldscanada_834,0
Love at frost sight.,mcdonaldscanada_835,0
Did you know you can top any #AllDayBreakfast sandwich with more bacon? Youâ€™re welcome.ğŸ‘‡ğŸ¥“,mcdonaldscanada_836,0
Sundayâ€™s agenda: â›¸ + â˜•,mcdonaldscanada_837,0
Sliding into #Fryday likeâ€¦,mcdonaldscanada_838,0
Cheese? Yes please! Whatâ€™s your go-to cheesy menu item?  #CheeseLoversDay ğŸ§€ğŸ”,mcdonaldscanada_839,0
Freshly baked with love. â¤ And chocolate. Lots of chocolate. ğŸ«,mcdonaldscanada_840,0
When itâ€™s too cold to go outsideâ€¦.#McDelivery,mcdonaldscanada_841,0
"Some things change, others remain the same. ğŸ” #10YearChallenge",mcdonaldscanada_842,0
Dinner is served! ğŸ´,mcdonaldscanada_843,0
Todayâ€™s agenda: ğŸŸ by the ğŸ”¥. What are you getting up to this Sunday? Share with us in the comments below!,mcdonaldscanada_844,0
Nothing is more magical than unwrapping a cheeseburger ğŸ”,mcdonaldscanada_845,0
"Coffee, cookies, or fries. What canâ€™t you live without? Comment by using any of these emojis: â˜•ğŸªğŸŸ",mcdonaldscanada_846,0
Capricorn Horoscope: your day will be golden.,mcdonaldscanada_847,0
"Ceeeeeeee-le-brate good fries, come on! ğŸµ #Fryday",mcdonaldscanada_848,0
"Itâ€™s been a golden year, thank you for being a part of it! ğŸ‰",mcdonaldscanada_849,0
